experiment_id,run_group,study_stage,configuration_level,model_family,algorithm,dataset,model,data_dir,gpu_count,rollout_tp_size,actor_micro_batch,rollout_logprob_micro_batch,ref_logprob_micro_batch,vllm_gpu_memory_utilization,parameter_offload,optimizer_offload,free_cache_engine,max_prompt_length,max_response_length,max_model_len,max_num_seqs,rollout_n,train_batch_size,train_max_samples,val_max_samples,training_seed,total_training_steps,gpu_monitor_interval_ms,pair_id,risk_tier,condition,source_config_id,sequence,period
strong-node-qwen25_1p5b-grpo-gsm8k-near_boundary-s81-p2-resident,strengthening_same_node_residency,confirmatory,near_boundary,qwen25_1p5b,grpo,gsm8k,Qwen/Qwen2.5-1.5B-Instruct,/mnt/proj3/open-35-44/verl/rl/data/gsm8k,2,1,16,8,8,0.7,False,False,False,1024,2048,3072,64,2,32,32,32,81,1,100,strong-node-qwen25_1p5b-grpo-gsm8k-near_boundary-s81,near_boundary,resident,grpo|qwen25_1p5b|gsm8k|2gpu|rollout2|prompt1024|response2048|batch32|1|16|8|8|0.7|False|False|True|1024|2048|3072|2|32|64,release_first,2
strong-node-qwen25_1p5b-grpo-gsm8k-near_boundary-s82-p2-release,strengthening_same_node_residency,confirmatory,near_boundary,qwen25_1p5b,grpo,gsm8k,Qwen/Qwen2.5-1.5B-Instruct,/mnt/proj3/open-35-44/verl/rl/data/gsm8k,2,1,16,8,8,0.7,False,False,True,1024,2048,3072,64,2,32,32,32,82,1,100,strong-node-qwen25_1p5b-grpo-gsm8k-near_boundary-s82,near_boundary,release,grpo|qwen25_1p5b|gsm8k|2gpu|rollout2|prompt1024|response2048|batch32|1|16|8|8|0.7|False|False|True|1024|2048|3072|2|32|64,resident_first,2
strong-node-qwen25_1p5b-grpo-gsm8k-near_boundary-s83-p2-resident,strengthening_same_node_residency,confirmatory,near_boundary,qwen25_1p5b,grpo,gsm8k,Qwen/Qwen2.5-1.5B-Instruct,/mnt/proj3/open-35-44/verl/rl/data/gsm8k,2,1,16,8,8,0.7,False,False,False,1024,2048,3072,64,2,32,32,32,83,1,100,strong-node-qwen25_1p5b-grpo-gsm8k-near_boundary-s83,near_boundary,resident,grpo|qwen25_1p5b|gsm8k|2gpu|rollout2|prompt1024|response2048|batch32|1|16|8|8|0.7|False|False|True|1024|2048|3072|2|32|64,release_first,2
strong-node-qwen25_1p5b-grpo-math-near_boundary-s81-p2-release,strengthening_same_node_residency,confirmatory,near_boundary,qwen25_1p5b,grpo,math,Qwen/Qwen2.5-1.5B-Instruct,/mnt/proj3/open-35-44/verl/rl/data/math,2,1,16,8,8,0.7,False,False,True,512,512,1024,128,2,64,64,64,81,1,100,strong-node-qwen25_1p5b-grpo-math-near_boundary-s81,near_boundary,release,grpo|qwen25_1p5b|math|2gpu|rollout2|prompt512|response512|batch64|1|16|8|8|0.7|False|False|True|512|512|1024|2|64|128,resident_first,2
strong-node-qwen25_1p5b-grpo-math-near_boundary-s82-p2-resident,strengthening_same_node_residency,confirmatory,near_boundary,qwen25_1p5b,grpo,math,Qwen/Qwen2.5-1.5B-Instruct,/mnt/proj3/open-35-44/verl/rl/data/math,2,1,16,8,8,0.7,False,False,False,512,512,1024,128,2,64,64,64,82,1,100,strong-node-qwen25_1p5b-grpo-math-near_boundary-s82,near_boundary,resident,grpo|qwen25_1p5b|math|2gpu|rollout2|prompt512|response512|batch64|1|16|8|8|0.7|False|False|True|512|512|1024|2|64|128,release_first,2
strong-node-qwen25_1p5b-grpo-math-near_boundary-s83-p2-release,strengthening_same_node_residency,confirmatory,near_boundary,qwen25_1p5b,grpo,math,Qwen/Qwen2.5-1.5B-Instruct,/mnt/proj3/open-35-44/verl/rl/data/math,2,1,16,8,8,0.7,False,False,True,512,512,1024,128,2,64,64,64,83,1,100,strong-node-qwen25_1p5b-grpo-math-near_boundary-s83,near_boundary,release,grpo|qwen25_1p5b|math|2gpu|rollout2|prompt512|response512|batch64|1|16|8|8|0.7|False|False|True|512|512|1024|2|64|128,resident_first,2
strong-node-qwen25_1p5b-oracle-gsm8k-near_boundary-s81-p2-resident,strengthening_same_node_residency,confirmatory,near_boundary,qwen25_1p5b,oracle_sppo,gsm8k,Qwen/Qwen2.5-1.5B-Instruct,/mnt/proj3/open-35-44/verl/rl/data/gsm8k,2,1,4,8,8,0.8,False,False,False,256,512,768,256,2,128,128,128,81,1,100,strong-node-qwen25_1p5b-oracle-gsm8k-near_boundary-s81,near_boundary,resident,oracle_sppo|qwen25_1p5b|gsm8k|2gpu|rollout2|prompt256|response512|batch128|1|4|8|8|0.8|False|False|True|256|512|768|2|128|256,release_first,2
strong-node-qwen25_1p5b-oracle-gsm8k-near_boundary-s82-p2-release,strengthening_same_node_residency,confirmatory,near_boundary,qwen25_1p5b,oracle_sppo,gsm8k,Qwen/Qwen2.5-1.5B-Instruct,/mnt/proj3/open-35-44/verl/rl/data/gsm8k,2,1,4,8,8,0.8,False,False,True,256,512,768,256,2,128,128,128,82,1,100,strong-node-qwen25_1p5b-oracle-gsm8k-near_boundary-s82,near_boundary,release,oracle_sppo|qwen25_1p5b|gsm8k|2gpu|rollout2|prompt256|response512|batch128|1|4|8|8|0.8|False|False|True|256|512|768|2|128|256,resident_first,2
strong-node-qwen25_1p5b-oracle-gsm8k-near_boundary-s83-p2-resident,strengthening_same_node_residency,confirmatory,near_boundary,qwen25_1p5b,oracle_sppo,gsm8k,Qwen/Qwen2.5-1.5B-Instruct,/mnt/proj3/open-35-44/verl/rl/data/gsm8k,2,1,4,8,8,0.8,False,False,False,256,512,768,256,2,128,128,128,83,1,100,strong-node-qwen25_1p5b-oracle-gsm8k-near_boundary-s83,near_boundary,resident,oracle_sppo|qwen25_1p5b|gsm8k|2gpu|rollout2|prompt256|response512|batch128|1|4|8|8|0.8|False|False|True|256|512|768|2|128|256,release_first,2
strong-node-qwen25_1p5b-oracle-math-near_boundary-s81-p2-release,strengthening_same_node_residency,confirmatory,near_boundary,qwen25_1p5b,oracle_sppo,math,Qwen/Qwen2.5-1.5B-Instruct,/mnt/proj3/open-35-44/verl/rl/data/math,2,1,16,8,8,0.8,False,False,True,512,512,1024,128,2,64,64,64,81,1,100,strong-node-qwen25_1p5b-oracle-math-near_boundary-s81,near_boundary,release,oracle_sppo|qwen25_1p5b|math|2gpu|rollout2|prompt512|response512|batch64|1|16|8|8|0.8|False|False|True|512|512|1024|2|64|128,resident_first,2
strong-node-qwen25_1p5b-oracle-math-near_boundary-s82-p2-resident,strengthening_same_node_residency,confirmatory,near_boundary,qwen25_1p5b,oracle_sppo,math,Qwen/Qwen2.5-1.5B-Instruct,/mnt/proj3/open-35-44/verl/rl/data/math,2,1,16,8,8,0.8,False,False,False,512,512,1024,128,2,64,64,64,82,1,100,strong-node-qwen25_1p5b-oracle-math-near_boundary-s82,near_boundary,resident,oracle_sppo|qwen25_1p5b|math|2gpu|rollout2|prompt512|response512|batch64|1|16|8|8|0.8|False|False|True|512|512|1024|2|64|128,release_first,2
strong-node-qwen25_1p5b-oracle-math-near_boundary-s83-p2-release,strengthening_same_node_residency,confirmatory,near_boundary,qwen25_1p5b,oracle_sppo,math,Qwen/Qwen2.5-1.5B-Instruct,/mnt/proj3/open-35-44/verl/rl/data/math,2,1,16,8,8,0.8,False,False,True,512,512,1024,128,2,64,64,64,83,1,100,strong-node-qwen25_1p5b-oracle-math-near_boundary-s83,near_boundary,release,oracle_sppo|qwen25_1p5b|math|2gpu|rollout2|prompt512|response512|batch64|1|16|8|8|0.8|False|False|True|512|512|1024|2|64|128,resident_first,2
strong-node-qwen25_3b-grpo-gsm8k-near_boundary-s81-p2-resident,strengthening_same_node_residency,confirmatory,near_boundary,qwen25_3b,grpo,gsm8k,Qwen/Qwen2.5-3B-Instruct,/mnt/proj3/open-35-44/verl/rl/data/gsm8k,2,1,16,8,8,0.65,False,False,False,256,1024,1280,256,5,128,128,128,81,1,100,strong-node-qwen25_3b-grpo-gsm8k-near_boundary-s81,near_boundary,resident,grpo|qwen25_3b|gsm8k|2gpu|rollout5|prompt256|response1024|batch128|1|16|8|8|0.65|False|False|True|256|1024|1280|5|128|256,release_first,2
strong-node-qwen25_3b-grpo-gsm8k-near_boundary-s82-p2-release,strengthening_same_node_residency,confirmatory,near_boundary,qwen25_3b,grpo,gsm8k,Qwen/Qwen2.5-3B-Instruct,/mnt/proj3/open-35-44/verl/rl/data/gsm8k,2,1,16,8,8,0.65,False,False,True,256,1024,1280,256,5,128,128,128,82,1,100,strong-node-qwen25_3b-grpo-gsm8k-near_boundary-s82,near_boundary,release,grpo|qwen25_3b|gsm8k|2gpu|rollout5|prompt256|response1024|batch128|1|16|8|8|0.65|False|False|True|256|1024|1280|5|128|256,resident_first,2
strong-node-qwen25_3b-grpo-gsm8k-near_boundary-s83-p2-resident,strengthening_same_node_residency,confirmatory,near_boundary,qwen25_3b,grpo,gsm8k,Qwen/Qwen2.5-3B-Instruct,/mnt/proj3/open-35-44/verl/rl/data/gsm8k,2,1,16,8,8,0.65,False,False,False,256,1024,1280,256,5,128,128,128,83,1,100,strong-node-qwen25_3b-grpo-gsm8k-near_boundary-s83,near_boundary,resident,grpo|qwen25_3b|gsm8k|2gpu|rollout5|prompt256|response1024|batch128|1|16|8|8|0.65|False|False|True|256|1024|1280|5|128|256,release_first,2
strong-node-qwen25_3b-grpo-gsm8k-safe_margin-s81-p2-release,strengthening_same_node_residency,confirmatory,safe_margin,qwen25_3b,grpo,gsm8k,Qwen/Qwen2.5-3B-Instruct,/mnt/proj3/open-35-44/verl/rl/data/gsm8k,2,1,1,4,4,0.3,True,False,True,1024,2048,3072,64,2,32,32,32,81,1,100,strong-node-qwen25_3b-grpo-gsm8k-safe_margin-s81,safe_margin,release,grpo|qwen25_3b|gsm8k|2gpu|rollout2|prompt1024|response2048|batch32|1|1|4|4|0.3|True|False|True|1024|2048|3072|2|32|64,resident_first,2
strong-node-qwen25_3b-grpo-gsm8k-safe_margin-s82-p2-resident,strengthening_same_node_residency,confirmatory,safe_margin,qwen25_3b,grpo,gsm8k,Qwen/Qwen2.5-3B-Instruct,/mnt/proj3/open-35-44/verl/rl/data/gsm8k,2,1,1,4,4,0.3,True,False,False,1024,2048,3072,64,2,32,32,32,82,1,100,strong-node-qwen25_3b-grpo-gsm8k-safe_margin-s82,safe_margin,resident,grpo|qwen25_3b|gsm8k|2gpu|rollout2|prompt1024|response2048|batch32|1|1|4|4|0.3|True|False|True|1024|2048|3072|2|32|64,release_first,2
strong-node-qwen25_3b-grpo-gsm8k-safe_margin-s83-p2-release,strengthening_same_node_residency,confirmatory,safe_margin,qwen25_3b,grpo,gsm8k,Qwen/Qwen2.5-3B-Instruct,/mnt/proj3/open-35-44/verl/rl/data/gsm8k,2,1,1,4,4,0.3,True,False,True,1024,2048,3072,64,2,32,32,32,83,1,100,strong-node-qwen25_3b-grpo-gsm8k-safe_margin-s83,safe_margin,release,grpo|qwen25_3b|gsm8k|2gpu|rollout2|prompt1024|response2048|batch32|1|1|4|4|0.3|True|False|True|1024|2048|3072|2|32|64,resident_first,2
strong-node-qwen25_3b-grpo-math-near_boundary-s81-p2-resident,strengthening_same_node_residency,confirmatory,near_boundary,qwen25_3b,grpo,math,Qwen/Qwen2.5-3B-Instruct,/mnt/proj3/open-35-44/verl/rl/data/math,2,1,16,8,8,0.65,False,False,False,1792,1024,2816,256,5,128,128,128,81,1,100,strong-node-qwen25_3b-grpo-math-near_boundary-s81,near_boundary,resident,grpo|qwen25_3b|math|2gpu|rollout5|prompt1792|response1024|batch128|1|16|8|8|0.65|False|False|True|1792|1024|2816|5|128|256,release_first,2
strong-node-qwen25_3b-grpo-math-near_boundary-s82-p2-release,strengthening_same_node_residency,confirmatory,near_boundary,qwen25_3b,grpo,math,Qwen/Qwen2.5-3B-Instruct,/mnt/proj3/open-35-44/verl/rl/data/math,2,1,16,8,8,0.65,False,False,True,1792,1024,2816,256,5,128,128,128,82,1,100,strong-node-qwen25_3b-grpo-math-near_boundary-s82,near_boundary,release,grpo|qwen25_3b|math|2gpu|rollout5|prompt1792|response1024|batch128|1|16|8|8|0.65|False|False|True|1792|1024|2816|5|128|256,resident_first,2
strong-node-qwen25_3b-grpo-math-near_boundary-s83-p2-resident,strengthening_same_node_residency,confirmatory,near_boundary,qwen25_3b,grpo,math,Qwen/Qwen2.5-3B-Instruct,/mnt/proj3/open-35-44/verl/rl/data/math,2,1,16,8,8,0.65,False,False,False,1792,1024,2816,256,5,128,128,128,83,1,100,strong-node-qwen25_3b-grpo-math-near_boundary-s83,near_boundary,resident,grpo|qwen25_3b|math|2gpu|rollout5|prompt1792|response1024|batch128|1|16|8|8|0.65|False|False|True|1792|1024|2816|5|128|256,release_first,2
strong-node-qwen25_3b-grpo-math-safe_margin-s81-p2-release,strengthening_same_node_residency,confirmatory,safe_margin,qwen25_3b,grpo,math,Qwen/Qwen2.5-3B-Instruct,/mnt/proj3/open-35-44/verl/rl/data/math,2,1,2,8,8,0.35,True,False,True,1792,1024,2816,256,5,128,128,128,81,1,100,strong-node-qwen25_3b-grpo-math-safe_margin-s81,safe_margin,release,grpo|qwen25_3b|math|2gpu|rollout5|prompt1792|response1024|batch128|1|2|8|8|0.35|True|False|True|1792|1024|2816|5|128|256,resident_first,2
strong-node-qwen25_3b-grpo-math-safe_margin-s82-p2-resident,strengthening_same_node_residency,confirmatory,safe_margin,qwen25_3b,grpo,math,Qwen/Qwen2.5-3B-Instruct,/mnt/proj3/open-35-44/verl/rl/data/math,2,1,2,8,8,0.35,True,False,False,1792,1024,2816,256,5,128,128,128,82,1,100,strong-node-qwen25_3b-grpo-math-safe_margin-s82,safe_margin,resident,grpo|qwen25_3b|math|2gpu|rollout5|prompt1792|response1024|batch128|1|2|8|8|0.35|True|False|True|1792|1024|2816|5|128|256,release_first,2
strong-node-qwen25_3b-grpo-math-safe_margin-s83-p2-release,strengthening_same_node_residency,confirmatory,safe_margin,qwen25_3b,grpo,math,Qwen/Qwen2.5-3B-Instruct,/mnt/proj3/open-35-44/verl/rl/data/math,2,1,2,8,8,0.35,True,False,True,1792,1024,2816,256,5,128,128,128,83,1,100,strong-node-qwen25_3b-grpo-math-safe_margin-s83,safe_margin,release,grpo|qwen25_3b|math|2gpu|rollout5|prompt1792|response1024|batch128|1|2|8|8|0.35|True|False|True|1792|1024|2816|5|128|256,resident_first,2
strong-node-qwen25_3b-oracle-gsm8k-near_boundary-s81-p2-resident,strengthening_same_node_residency,confirmatory,near_boundary,qwen25_3b,oracle_sppo,gsm8k,Qwen/Qwen2.5-3B-Instruct,/mnt/proj3/open-35-44/verl/rl/data/gsm8k,2,1,16,8,8,0.65,False,False,False,256,512,768,256,2,128,128,128,81,1,100,strong-node-qwen25_3b-oracle-gsm8k-near_boundary-s81,near_boundary,resident,oracle_sppo|qwen25_3b|gsm8k|2gpu|rollout2|prompt256|response512|batch128|1|16|8|8|0.65|False|False|True|256|512|768|2|128|256,release_first,2
strong-node-qwen25_3b-oracle-gsm8k-near_boundary-s82-p2-release,strengthening_same_node_residency,confirmatory,near_boundary,qwen25_3b,oracle_sppo,gsm8k,Qwen/Qwen2.5-3B-Instruct,/mnt/proj3/open-35-44/verl/rl/data/gsm8k,2,1,16,8,8,0.65,False,False,True,256,512,768,256,2,128,128,128,82,1,100,strong-node-qwen25_3b-oracle-gsm8k-near_boundary-s82,near_boundary,release,oracle_sppo|qwen25_3b|gsm8k|2gpu|rollout2|prompt256|response512|batch128|1|16|8|8|0.65|False|False|True|256|512|768|2|128|256,resident_first,2
strong-node-qwen25_3b-oracle-gsm8k-near_boundary-s83-p2-resident,strengthening_same_node_residency,confirmatory,near_boundary,qwen25_3b,oracle_sppo,gsm8k,Qwen/Qwen2.5-3B-Instruct,/mnt/proj3/open-35-44/verl/rl/data/gsm8k,2,1,16,8,8,0.65,False,False,False,256,512,768,256,2,128,128,128,83,1,100,strong-node-qwen25_3b-oracle-gsm8k-near_boundary-s83,near_boundary,resident,oracle_sppo|qwen25_3b|gsm8k|2gpu|rollout2|prompt256|response512|batch128|1|16|8|8|0.65|False|False|True|256|512|768|2|128|256,release_first,2
strong-node-qwen25_3b-oracle-gsm8k-safe_margin-s81-p2-release,strengthening_same_node_residency,confirmatory,safe_margin,qwen25_3b,oracle_sppo,gsm8k,Qwen/Qwen2.5-3B-Instruct,/mnt/proj3/open-35-44/verl/rl/data/gsm8k,2,1,1,4,4,0.3,True,False,True,1024,2048,3072,64,2,32,32,32,81,1,100,strong-node-qwen25_3b-oracle-gsm8k-safe_margin-s81,safe_margin,release,oracle_sppo|qwen25_3b|gsm8k|2gpu|rollout2|prompt1024|response2048|batch32|1|1|4|4|0.3|True|False|True|1024|2048|3072|2|32|64,resident_first,2
strong-node-qwen25_3b-oracle-gsm8k-safe_margin-s82-p2-resident,strengthening_same_node_residency,confirmatory,safe_margin,qwen25_3b,oracle_sppo,gsm8k,Qwen/Qwen2.5-3B-Instruct,/mnt/proj3/open-35-44/verl/rl/data/gsm8k,2,1,1,4,4,0.3,True,False,False,1024,2048,3072,64,2,32,32,32,82,1,100,strong-node-qwen25_3b-oracle-gsm8k-safe_margin-s82,safe_margin,resident,oracle_sppo|qwen25_3b|gsm8k|2gpu|rollout2|prompt1024|response2048|batch32|1|1|4|4|0.3|True|False|True|1024|2048|3072|2|32|64,release_first,2
strong-node-qwen25_3b-oracle-gsm8k-safe_margin-s83-p2-release,strengthening_same_node_residency,confirmatory,safe_margin,qwen25_3b,oracle_sppo,gsm8k,Qwen/Qwen2.5-3B-Instruct,/mnt/proj3/open-35-44/verl/rl/data/gsm8k,2,1,1,4,4,0.3,True,False,True,1024,2048,3072,64,2,32,32,32,83,1,100,strong-node-qwen25_3b-oracle-gsm8k-safe_margin-s83,safe_margin,release,oracle_sppo|qwen25_3b|gsm8k|2gpu|rollout2|prompt1024|response2048|batch32|1|1|4|4|0.3|True|False|True|1024|2048|3072|2|32|64,resident_first,2
strong-node-qwen25_3b-oracle-math-near_boundary-s81-p2-resident,strengthening_same_node_residency,confirmatory,near_boundary,qwen25_3b,oracle_sppo,math,Qwen/Qwen2.5-3B-Instruct,/mnt/proj3/open-35-44/verl/rl/data/math,2,1,16,8,8,0.65,False,False,False,1536,1024,2560,256,5,128,128,128,81,1,100,strong-node-qwen25_3b-oracle-math-near_boundary-s81,near_boundary,resident,oracle_sppo|qwen25_3b|math|2gpu|rollout5|prompt1536|response1024|batch128|1|16|8|8|0.65|False|False|True|1536|1024|2560|5|128|256,release_first,2
strong-node-qwen25_3b-oracle-math-near_boundary-s82-p2-release,strengthening_same_node_residency,confirmatory,near_boundary,qwen25_3b,oracle_sppo,math,Qwen/Qwen2.5-3B-Instruct,/mnt/proj3/open-35-44/verl/rl/data/math,2,1,16,8,8,0.65,False,False,True,1536,1024,2560,256,5,128,128,128,82,1,100,strong-node-qwen25_3b-oracle-math-near_boundary-s82,near_boundary,release,oracle_sppo|qwen25_3b|math|2gpu|rollout5|prompt1536|response1024|batch128|1|16|8|8|0.65|False|False|True|1536|1024|2560|5|128|256,resident_first,2
strong-node-qwen25_3b-oracle-math-near_boundary-s83-p2-resident,strengthening_same_node_residency,confirmatory,near_boundary,qwen25_3b,oracle_sppo,math,Qwen/Qwen2.5-3B-Instruct,/mnt/proj3/open-35-44/verl/rl/data/math,2,1,16,8,8,0.65,False,False,False,1536,1024,2560,256,5,128,128,128,83,1,100,strong-node-qwen25_3b-oracle-math-near_boundary-s83,near_boundary,resident,oracle_sppo|qwen25_3b|math|2gpu|rollout5|prompt1536|response1024|batch128|1|16|8|8|0.65|False|False|True|1536|1024|2560|5|128|256,release_first,2
strong-node-qwen25_3b-oracle-math-safe_margin-s81-p2-release,strengthening_same_node_residency,confirmatory,safe_margin,qwen25_3b,oracle_sppo,math,Qwen/Qwen2.5-3B-Instruct,/mnt/proj3/open-35-44/verl/rl/data/math,2,1,2,8,8,0.35,True,False,True,512,512,1024,128,2,64,64,64,81,1,100,strong-node-qwen25_3b-oracle-math-safe_margin-s81,safe_margin,release,oracle_sppo|qwen25_3b|math|2gpu|rollout2|prompt512|response512|batch64|1|2|8|8|0.35|True|False|True|512|512|1024|2|64|128,resident_first,2
strong-node-qwen25_3b-oracle-math-safe_margin-s82-p2-resident,strengthening_same_node_residency,confirmatory,safe_margin,qwen25_3b,oracle_sppo,math,Qwen/Qwen2.5-3B-Instruct,/mnt/proj3/open-35-44/verl/rl/data/math,2,1,2,8,8,0.35,True,False,False,512,512,1024,128,2,64,64,64,82,1,100,strong-node-qwen25_3b-oracle-math-safe_margin-s82,safe_margin,resident,oracle_sppo|qwen25_3b|math|2gpu|rollout2|prompt512|response512|batch64|1|2|8|8|0.35|True|False|True|512|512|1024|2|64|128,release_first,2
strong-node-qwen25_3b-oracle-math-safe_margin-s83-p2-release,strengthening_same_node_residency,confirmatory,safe_margin,qwen25_3b,oracle_sppo,math,Qwen/Qwen2.5-3B-Instruct,/mnt/proj3/open-35-44/verl/rl/data/math,2,1,2,8,8,0.35,True,False,True,512,512,1024,128,2,64,64,64,83,1,100,strong-node-qwen25_3b-oracle-math-safe_margin-s83,safe_margin,release,oracle_sppo|qwen25_3b|math|2gpu|rollout2|prompt512|response512|batch64|1|2|8|8|0.35|True|False|True|512|512|1024|2|64|128,resident_first,2
