attempt_id,slot_id,candidate_id,role,phase,observed_peak_mib,sampled_duration_seconds,completed_process,failure_kind
decision-qwen25_3b-math-shape1024-n4-steps5-c4-s143-job5052308,decision-qwen25_3b-math-shape1024-n4-steps5-c4-s143,qwen25_3b-math-shape1024-n4-steps5-c4,evaluation,initializing,40954.0,171.69688041000043,0,rollout_init_memory
decision-phi4_mini-gsm8k-shape1024-n4-steps5-c2-s143-job5052309,decision-phi4_mini-gsm8k-shape1024-n4-steps5-c2-s143,phi4_mini-gsm8k-shape1024-n4-steps5-c2,evaluation,initializing,35398.0,182.08573294299964,1,
decision-phi4_mini-gsm8k-shape1024-n4-steps5-c2-s143-job5052309,decision-phi4_mini-gsm8k-shape1024-n4-steps5-c2-s143,phi4_mini-gsm8k-shape1024-n4-steps5-c2,evaluation,rollout,36008.0,69.09997846600007,1,
decision-phi4_mini-gsm8k-shape1024-n4-steps5-c2-s143-job5052309,decision-phi4_mini-gsm8k-shape1024-n4-steps5-c2-s143,phi4_mini-gsm8k-shape1024-n4-steps5-c2,evaluation,reference_logprob,14986.0,34.89998505199997,1,
decision-phi4_mini-gsm8k-shape1024-n4-steps5-c2-s143-job5052309,decision-phi4_mini-gsm8k-shape1024-n4-steps5-c2-s143,phi4_mini-gsm8k-shape1024-n4-steps5-c2,evaluation,actor_update,17844.0,37.10001665499998,1,
decision-phi4_mini-gsm8k-shape1024-n4-steps5-c2-s143-job5052309,decision-phi4_mini-gsm8k-shape1024-n4-steps5-c2-s143,phi4_mini-gsm8k-shape1024-n4-steps5-c2,evaluation,weight_sync,35518.0,67.49999663199995,1,
decision-phi4_mini-gsm8k-shape1024-n4-steps5-c2-s143-job5052309,decision-phi4_mini-gsm8k-shape1024-n4-steps5-c2-s143,phi4_mini-gsm8k-shape1024-n4-steps5-c2,evaluation,idle,35518.0,0.300025626,1,
decision-phi4_mini-gsm8k-shape1024-n4-steps5-c2-s143-job5052309,decision-phi4_mini-gsm8k-shape1024-n4-steps5-c2-s143,phi4_mini-gsm8k-shape1024-n4-steps5-c2,evaluation,checkpoint,19462.0,19.399993126000016,1,
decision-phi4_mini-gsm8k-shape1024-n4-steps5-c2-s143-job5052309,decision-phi4_mini-gsm8k-shape1024-n4-steps5-c2-s143,phi4_mini-gsm8k-shape1024-n4-steps5-c2,evaluation,validation,35520.0,15.099998072000007,1,
decision-phi4_mini-math-shape1024-n4-steps5-c3-s141-job5052310,decision-phi4_mini-math-shape1024-n4-steps5-c3-s141,phi4_mini-math-shape1024-n4-steps5-c3,screen,initializing,40016.0,190.6954248600001,1,
decision-phi4_mini-math-shape1024-n4-steps5-c3-s141-job5052310,decision-phi4_mini-math-shape1024-n4-steps5-c3-s141,phi4_mini-math-shape1024-n4-steps5-c3,screen,rollout,40900.0,115.29837082800005,1,
decision-phi4_mini-math-shape1024-n4-steps5-c3-s141-job5052310,decision-phi4_mini-math-shape1024-n4-steps5-c3-s141,phi4_mini-math-shape1024-n4-steps5-c3,screen,reference_logprob,19842.0,49.99997111699998,1,
decision-phi4_mini-math-shape1024-n4-steps5-c3-s141-job5052310,decision-phi4_mini-math-shape1024-n4-steps5-c3-s141,phi4_mini-math-shape1024-n4-steps5-c3,screen,actor_update,29064.0,62.400038486000035,1,
decision-phi4_mini-math-shape1024-n4-steps5-c3-s141-job5052310,decision-phi4_mini-math-shape1024-n4-steps5-c3-s141,phi4_mini-math-shape1024-n4-steps5-c3,screen,weight_sync,39862.0,72.2999716140001,1,
decision-phi4_mini-math-shape1024-n4-steps5-c3-s141-job5052310,decision-phi4_mini-math-shape1024-n4-steps5-c3-s141,phi4_mini-math-shape1024-n4-steps5-c3,screen,idle,39862.0,0.301637129,1,
decision-phi4_mini-math-shape1024-n4-steps5-c3-s141-job5052310,decision-phi4_mini-math-shape1024-n4-steps5-c3-s141,phi4_mini-math-shape1024-n4-steps5-c3,screen,checkpoint,28050.0,15.80000326299999,1,
decision-phi4_mini-math-shape1024-n4-steps5-c3-s141-job5052310,decision-phi4_mini-math-shape1024-n4-steps5-c3-s141,phi4_mini-math-shape1024-n4-steps5-c3,screen,validation,39928.0,16.500003073,1,
decision-qwen25_3b-math-shape1024-n4-steps5-c4-s142-job5052311,decision-qwen25_3b-math-shape1024-n4-steps5-c4-s142,qwen25_3b-math-shape1024-n4-steps5-c4,evaluation,initializing,40954.0,172.09421796999993,0,rollout_init_memory
decision-phi4_mini-math-shape1024-n4-steps5-c4-s144-job5052315,decision-phi4_mini-math-shape1024-n4-steps5-c4-s144,phi4_mini-math-shape1024-n4-steps5-c4,evaluation,initializing,14790.0,117.29184802799986,0,rollout_init_memory
decision-phi4_mini-math-shape1024-n4-steps5-c4-s143-job5052316,decision-phi4_mini-math-shape1024-n4-steps5-c4-s143,phi4_mini-math-shape1024-n4-steps5-c4,evaluation,initializing,14790.0,106.79621390799991,0,rollout_init_memory
decision-phi4_mini-gsm8k-shape1024-n4-steps5-c3-s144-job5052318,decision-phi4_mini-gsm8k-shape1024-n4-steps5-c3-s144,phi4_mini-gsm8k-shape1024-n4-steps5-c3,evaluation,initializing,39430.0,145.99609693800014,1,
decision-phi4_mini-gsm8k-shape1024-n4-steps5-c3-s144-job5052318,decision-phi4_mini-gsm8k-shape1024-n4-steps5-c3-s144,phi4_mini-gsm8k-shape1024-n4-steps5-c3,evaluation,rollout,39910.0,77.10000107500001,1,
decision-phi4_mini-gsm8k-shape1024-n4-steps5-c3-s144-job5052318,decision-phi4_mini-gsm8k-shape1024-n4-steps5-c3-s144,phi4_mini-gsm8k-shape1024-n4-steps5-c3,evaluation,reference_logprob,14826.0,33.600031040000005,1,
decision-phi4_mini-gsm8k-shape1024-n4-steps5-c3-s144-job5052318,decision-phi4_mini-gsm8k-shape1024-n4-steps5-c3-s144,phi4_mini-gsm8k-shape1024-n4-steps5-c3,evaluation,actor_update,21174.0,22.200014439999983,1,
decision-phi4_mini-gsm8k-shape1024-n4-steps5-c3-s144-job5052318,decision-phi4_mini-gsm8k-shape1024-n4-steps5-c3-s144,phi4_mini-gsm8k-shape1024-n4-steps5-c3,evaluation,weight_sync,39550.0,70.69989520699994,1,
decision-phi4_mini-gsm8k-shape1024-n4-steps5-c3-s144-job5052318,decision-phi4_mini-gsm8k-shape1024-n4-steps5-c3-s144,phi4_mini-gsm8k-shape1024-n4-steps5-c3,evaluation,idle,39550.0,0.300032031,1,
decision-phi4_mini-gsm8k-shape1024-n4-steps5-c3-s144-job5052318,decision-phi4_mini-gsm8k-shape1024-n4-steps5-c3-s144,phi4_mini-gsm8k-shape1024-n4-steps5-c3,evaluation,checkpoint,19738.0,15.299999824999995,1,
decision-phi4_mini-gsm8k-shape1024-n4-steps5-c3-s144-job5052318,decision-phi4_mini-gsm8k-shape1024-n4-steps5-c3-s144,phi4_mini-gsm8k-shape1024-n4-steps5-c3,evaluation,validation,39552.0,12.200006726000003,1,
decision-phi4_mini-math-shape1024-n4-steps5-c2-s141-job5052319,decision-phi4_mini-math-shape1024-n4-steps5-c2-s141,phi4_mini-math-shape1024-n4-steps5-c2,screen,initializing,35920.0,149.39624182400024,1,
decision-phi4_mini-math-shape1024-n4-steps5-c2-s141-job5052319,decision-phi4_mini-math-shape1024-n4-steps5-c2-s141,phi4_mini-math-shape1024-n4-steps5-c2,screen,rollout,37252.0,102.60000294399987,1,
decision-phi4_mini-math-shape1024-n4-steps5-c2-s141-job5052319,decision-phi4_mini-math-shape1024-n4-steps5-c2-s141,phi4_mini-math-shape1024-n4-steps5-c2,screen,reference_logprob,20302.0,48.49997811599998,1,
decision-phi4_mini-math-shape1024-n4-steps5-c2-s141-job5052319,decision-phi4_mini-math-shape1024-n4-steps5-c2-s141,phi4_mini-math-shape1024-n4-steps5-c2,screen,actor_update,22808.0,83.89999266500001,1,
decision-phi4_mini-math-shape1024-n4-steps5-c2-s141-job5052319,decision-phi4_mini-math-shape1024-n4-steps5-c2-s141,phi4_mini-math-shape1024-n4-steps5-c2,screen,weight_sync,35746.0,72.50000892600006,1,
decision-phi4_mini-math-shape1024-n4-steps5-c2-s141-job5052319,decision-phi4_mini-math-shape1024-n4-steps5-c2-s141,phi4_mini-math-shape1024-n4-steps5-c2,screen,idle,35746.0,0.200006255,1,
decision-phi4_mini-math-shape1024-n4-steps5-c2-s141-job5052319,decision-phi4_mini-math-shape1024-n4-steps5-c2-s141,phi4_mini-math-shape1024-n4-steps5-c2,screen,checkpoint,22378.0,15.900000012,1,
decision-phi4_mini-math-shape1024-n4-steps5-c2-s141-job5052319,decision-phi4_mini-math-shape1024-n4-steps5-c2-s141,phi4_mini-math-shape1024-n4-steps5-c2,screen,validation,35812.0,16.500000911999997,1,
decision-qwen25_3b-gsm8k-shape1024-n4-steps5-c2-s141-job5052326,decision-qwen25_3b-gsm8k-shape1024-n4-steps5-c2-s141,qwen25_3b-gsm8k-shape1024-n4-steps5-c2,screen,initializing,32674.0,164.78108903399996,1,
decision-qwen25_3b-gsm8k-shape1024-n4-steps5-c2-s141-job5052326,decision-qwen25_3b-gsm8k-shape1024-n4-steps5-c2-s141,qwen25_3b-gsm8k-shape1024-n4-steps5-c2,screen,rollout,33258.0,68.10011693300005,1,
decision-qwen25_3b-gsm8k-shape1024-n4-steps5-c2-s141-job5052326,decision-qwen25_3b-gsm8k-shape1024-n4-steps5-c2-s141,qwen25_3b-gsm8k-shape1024-n4-steps5-c2,screen,reference_logprob,12402.0,48.99984684799999,1,
decision-qwen25_3b-gsm8k-shape1024-n4-steps5-c2-s141-job5052326,decision-qwen25_3b-gsm8k-shape1024-n4-steps5-c2-s141,qwen25_3b-gsm8k-shape1024-n4-steps5-c2,screen,actor_update,15206.0,60.000053050000034,1,
decision-qwen25_3b-gsm8k-shape1024-n4-steps5-c2-s141-job5052326,decision-qwen25_3b-gsm8k-shape1024-n4-steps5-c2-s141,qwen25_3b-gsm8k-shape1024-n4-steps5-c2,screen,weight_sync,33108.0,60.89996573500001,1,
decision-qwen25_3b-gsm8k-shape1024-n4-steps5-c2-s141-job5052326,decision-qwen25_3b-gsm8k-shape1024-n4-steps5-c2-s141,qwen25_3b-gsm8k-shape1024-n4-steps5-c2,screen,idle,33108.0,0.200011396,1,
decision-qwen25_3b-gsm8k-shape1024-n4-steps5-c2-s141-job5052326,decision-qwen25_3b-gsm8k-shape1024-n4-steps5-c2-s141,qwen25_3b-gsm8k-shape1024-n4-steps5-c2,screen,checkpoint,14466.0,16.899999554000004,1,
decision-qwen25_3b-gsm8k-shape1024-n4-steps5-c2-s141-job5052326,decision-qwen25_3b-gsm8k-shape1024-n4-steps5-c2-s141,qwen25_3b-gsm8k-shape1024-n4-steps5-c2,screen,validation,33114.0,13.600002737999999,1,
decision-qwen25_3b-gsm8k-shape1024-n4-steps5-c2-s144-job5052330,decision-qwen25_3b-gsm8k-shape1024-n4-steps5-c2-s144,qwen25_3b-gsm8k-shape1024-n4-steps5-c2,evaluation,initializing,32676.0,143.09629898300005,1,
decision-qwen25_3b-gsm8k-shape1024-n4-steps5-c2-s144-job5052330,decision-qwen25_3b-gsm8k-shape1024-n4-steps5-c2-s144,qwen25_3b-gsm8k-shape1024-n4-steps5-c2,evaluation,rollout,33268.0,63.29997584399999,1,
decision-qwen25_3b-gsm8k-shape1024-n4-steps5-c2-s144-job5052330,decision-qwen25_3b-gsm8k-shape1024-n4-steps5-c2-s144,qwen25_3b-gsm8k-shape1024-n4-steps5-c2,evaluation,reference_logprob,12482.0,48.83054826700001,1,
decision-qwen25_3b-gsm8k-shape1024-n4-steps5-c2-s144-job5052330,decision-qwen25_3b-gsm8k-shape1024-n4-steps5-c2-s144,qwen25_3b-gsm8k-shape1024-n4-steps5-c2,evaluation,actor_update,15152.0,58.369490256000084,1,
decision-qwen25_3b-gsm8k-shape1024-n4-steps5-c2-s144-job5052330,decision-qwen25_3b-gsm8k-shape1024-n4-steps5-c2-s144,qwen25_3b-gsm8k-shape1024-n4-steps5-c2,evaluation,weight_sync,33108.0,62.299957338,1,
decision-qwen25_3b-gsm8k-shape1024-n4-steps5-c2-s144-job5052330,decision-qwen25_3b-gsm8k-shape1024-n4-steps5-c2-s144,qwen25_3b-gsm8k-shape1024-n4-steps5-c2,evaluation,idle,33108.0,0.30002897,1,
decision-qwen25_3b-gsm8k-shape1024-n4-steps5-c2-s144-job5052330,decision-qwen25_3b-gsm8k-shape1024-n4-steps5-c2-s144,qwen25_3b-gsm8k-shape1024-n4-steps5-c2,evaluation,checkpoint,14548.0,12.599997886000002,1,
decision-qwen25_3b-gsm8k-shape1024-n4-steps5-c2-s144-job5052330,decision-qwen25_3b-gsm8k-shape1024-n4-steps5-c2-s144,qwen25_3b-gsm8k-shape1024-n4-steps5-c2,evaluation,validation,33110.0,10.099993834000005,1,
decision-qwen25_3b-gsm8k-shape1024-n4-steps5-c3-s144-job5052332,decision-qwen25_3b-gsm8k-shape1024-n4-steps5-c3-s144,qwen25_3b-gsm8k-shape1024-n4-steps5-c3,evaluation,initializing,36708.0,144.39586060199994,1,
decision-qwen25_3b-gsm8k-shape1024-n4-steps5-c3-s144-job5052332,decision-qwen25_3b-gsm8k-shape1024-n4-steps5-c3-s144,qwen25_3b-gsm8k-shape1024-n4-steps5-c3,evaluation,rollout,37294.0,74.69998867300004,1,
decision-qwen25_3b-gsm8k-shape1024-n4-steps5-c3-s144-job5052332,decision-qwen25_3b-gsm8k-shape1024-n4-steps5-c3-s144,qwen25_3b-gsm8k-shape1024-n4-steps5-c3,evaluation,reference_logprob,12502.0,48.299983069000035,1,
decision-qwen25_3b-gsm8k-shape1024-n4-steps5-c3-s144-job5052332,decision-qwen25_3b-gsm8k-shape1024-n4-steps5-c3-s144,qwen25_3b-gsm8k-shape1024-n4-steps5-c3,evaluation,actor_update,18110.0,31.499997341999972,1,
decision-qwen25_3b-gsm8k-shape1024-n4-steps5-c3-s144-job5052332,decision-qwen25_3b-gsm8k-shape1024-n4-steps5-c3-s144,qwen25_3b-gsm8k-shape1024-n4-steps5-c3,evaluation,weight_sync,37140.0,62.70001192500001,1,
decision-qwen25_3b-gsm8k-shape1024-n4-steps5-c3-s144-job5052332,decision-qwen25_3b-gsm8k-shape1024-n4-steps5-c3-s144,qwen25_3b-gsm8k-shape1024-n4-steps5-c3,evaluation,idle,37140.0,0.100009507,1,
decision-qwen25_3b-gsm8k-shape1024-n4-steps5-c3-s144-job5052332,decision-qwen25_3b-gsm8k-shape1024-n4-steps5-c3-s144,qwen25_3b-gsm8k-shape1024-n4-steps5-c3,evaluation,checkpoint,17588.0,12.599996059999993,1,
decision-qwen25_3b-gsm8k-shape1024-n4-steps5-c3-s144-job5052332,decision-qwen25_3b-gsm8k-shape1024-n4-steps5-c3-s144,qwen25_3b-gsm8k-shape1024-n4-steps5-c3,evaluation,validation,37146.0,9.899991339000001,1,
decision-phi4_mini-gsm8k-shape1024-n4-steps5-c3-s142-job5052335,decision-phi4_mini-gsm8k-shape1024-n4-steps5-c3-s142,phi4_mini-gsm8k-shape1024-n4-steps5-c3,evaluation,initializing,39430.0,148.39606838800003,1,
decision-phi4_mini-gsm8k-shape1024-n4-steps5-c3-s142-job5052335,decision-phi4_mini-gsm8k-shape1024-n4-steps5-c3-s142,phi4_mini-gsm8k-shape1024-n4-steps5-c3,evaluation,rollout,39994.0,66.49998031600006,1,
decision-phi4_mini-gsm8k-shape1024-n4-steps5-c3-s142-job5052335,decision-phi4_mini-gsm8k-shape1024-n4-steps5-c3-s142,phi4_mini-gsm8k-shape1024-n4-steps5-c3,evaluation,reference_logprob,15086.0,33.999995424999994,1,
decision-phi4_mini-gsm8k-shape1024-n4-steps5-c3-s142-job5052335,decision-phi4_mini-gsm8k-shape1024-n4-steps5-c3-s142,phi4_mini-gsm8k-shape1024-n4-steps5-c3,evaluation,actor_update,21258.0,22.399985718000003,1,
decision-phi4_mini-gsm8k-shape1024-n4-steps5-c3-s142-job5052335,decision-phi4_mini-gsm8k-shape1024-n4-steps5-c3-s142,phi4_mini-gsm8k-shape1024-n4-steps5-c3,evaluation,weight_sync,39550.0,72.700017885,1,
decision-phi4_mini-gsm8k-shape1024-n4-steps5-c3-s142-job5052335,decision-phi4_mini-gsm8k-shape1024-n4-steps5-c3-s142,phi4_mini-gsm8k-shape1024-n4-steps5-c3,evaluation,idle,39550.0,0.200016886,1,
decision-phi4_mini-gsm8k-shape1024-n4-steps5-c3-s142-job5052335,decision-phi4_mini-gsm8k-shape1024-n4-steps5-c3-s142,phi4_mini-gsm8k-shape1024-n4-steps5-c3,evaluation,checkpoint,20042.0,15.699999683,1,
decision-phi4_mini-gsm8k-shape1024-n4-steps5-c3-s142-job5052335,decision-phi4_mini-gsm8k-shape1024-n4-steps5-c3-s142,phi4_mini-gsm8k-shape1024-n4-steps5-c3,evaluation,validation,39552.0,10.099997653000003,1,
decision-phi4_mini-math-shape1024-n4-steps5-c4-s142-job5052338,decision-phi4_mini-math-shape1024-n4-steps5-c4-s142,phi4_mini-math-shape1024-n4-steps5-c4,evaluation,initializing,14790.0,156.29609867200017,0,rollout_init_memory
decision-qwen25_3b-math-shape1024-n4-steps5-c3-s144-job5052350,decision-qwen25_3b-math-shape1024-n4-steps5-c3-s144,qwen25_3b-math-shape1024-n4-steps5-c3,evaluation,initializing,37314.0,152.4964938159999,1,
decision-qwen25_3b-math-shape1024-n4-steps5-c3-s144-job5052350,decision-qwen25_3b-math-shape1024-n4-steps5-c3-s144,qwen25_3b-math-shape1024-n4-steps5-c3,evaluation,rollout,38070.0,103.39996083200006,1,
decision-qwen25_3b-math-shape1024-n4-steps5-c3-s144-job5052350,decision-qwen25_3b-math-shape1024-n4-steps5-c3-s144,qwen25_3b-math-shape1024-n4-steps5-c3,evaluation,reference_logprob,16662.0,57.60000501,1,
decision-qwen25_3b-math-shape1024-n4-steps5-c3-s144-job5052350,decision-qwen25_3b-math-shape1024-n4-steps5-c3-s144,qwen25_3b-math-shape1024-n4-steps5-c3,evaluation,actor_update,24372.0,70.099976141,1,
decision-qwen25_3b-math-shape1024-n4-steps5-c3-s144-job5052350,decision-qwen25_3b-math-shape1024-n4-steps5-c3-s144,qwen25_3b-math-shape1024-n4-steps5-c3,evaluation,weight_sync,37478.0,63.300027115,1,
decision-qwen25_3b-math-shape1024-n4-steps5-c3-s144-job5052350,decision-qwen25_3b-math-shape1024-n4-steps5-c3-s144,qwen25_3b-math-shape1024-n4-steps5-c3,evaluation,idle,37478.0,0.700028676,1,
decision-qwen25_3b-math-shape1024-n4-steps5-c3-s144-job5052350,decision-qwen25_3b-math-shape1024-n4-steps5-c3-s144,qwen25_3b-math-shape1024-n4-steps5-c3,evaluation,checkpoint,22006.0,12.799999580000001,1,
decision-qwen25_3b-math-shape1024-n4-steps5-c3-s144-job5052350,decision-qwen25_3b-math-shape1024-n4-steps5-c3-s144,qwen25_3b-math-shape1024-n4-steps5-c3,evaluation,validation,37548.0,17.399990907999996,1,
decision-qwen25_3b-gsm8k-shape1024-n4-steps5-c4-s142-job5052357,decision-qwen25_3b-gsm8k-shape1024-n4-steps5-c4-s142,qwen25_3b-gsm8k-shape1024-n4-steps5-c4,evaluation,initializing,40812.0,169.79642933200006,0,weight_sync_oom
decision-qwen25_3b-gsm8k-shape1024-n4-steps5-c4-s142-job5052357,decision-qwen25_3b-gsm8k-shape1024-n4-steps5-c4-s142,qwen25_3b-gsm8k-shape1024-n4-steps5-c4,evaluation,unknown,40788.0,0.099997204,0,weight_sync_oom
decision-qwen25_3b-gsm8k-shape1024-n4-steps5-c4-s142-job5052357,decision-qwen25_3b-gsm8k-shape1024-n4-steps5-c4-s142,qwen25_3b-gsm8k-shape1024-n4-steps5-c4,evaluation,rollout,40882.0,27.399994701999997,0,weight_sync_oom
decision-qwen25_3b-gsm8k-shape1024-n4-steps5-c4-s142-job5052357,decision-qwen25_3b-gsm8k-shape1024-n4-steps5-c4-s142,qwen25_3b-gsm8k-shape1024-n4-steps5-c4,evaluation,reference_logprob,12128.0,11.500001747000004,0,weight_sync_oom
decision-qwen25_3b-gsm8k-shape1024-n4-steps5-c4-s142-job5052357,decision-qwen25_3b-gsm8k-shape1024-n4-steps5-c4-s142,qwen25_3b-gsm8k-shape1024-n4-steps5-c4,evaluation,actor_update,17930.0,7.500003117,0,weight_sync_oom
decision-qwen25_3b-gsm8k-shape1024-n4-steps5-c4-s142-job5052357,decision-qwen25_3b-gsm8k-shape1024-n4-steps5-c4-s142,qwen25_3b-gsm8k-shape1024-n4-steps5-c4,evaluation,weight_sync,40536.0,15.599993311999993,0,weight_sync_oom
decision-qwen25_3b-math-shape1024-n4-steps5-c3-s143-job5052358,decision-qwen25_3b-math-shape1024-n4-steps5-c3-s143,qwen25_3b-math-shape1024-n4-steps5-c3,evaluation,initializing,37314.0,154.39608186999993,1,
decision-qwen25_3b-math-shape1024-n4-steps5-c3-s143-job5052358,decision-qwen25_3b-math-shape1024-n4-steps5-c3-s143,qwen25_3b-math-shape1024-n4-steps5-c3,evaluation,rollout,37902.0,105.59999776999996,1,
decision-qwen25_3b-math-shape1024-n4-steps5-c3-s143-job5052358,decision-qwen25_3b-math-shape1024-n4-steps5-c3-s143,qwen25_3b-math-shape1024-n4-steps5-c3,evaluation,reference_logprob,16616.0,58.699988357,1,
decision-qwen25_3b-math-shape1024-n4-steps5-c3-s143-job5052358,decision-qwen25_3b-math-shape1024-n4-steps5-c3-s143,qwen25_3b-math-shape1024-n4-steps5-c3,evaluation,actor_update,24432.0,70.00002289799993,1,
decision-qwen25_3b-math-shape1024-n4-steps5-c3-s143-job5052358,decision-qwen25_3b-math-shape1024-n4-steps5-c3-s143,qwen25_3b-math-shape1024-n4-steps5-c3,evaluation,weight_sync,37478.0,66.79995754700006,1,
decision-qwen25_3b-math-shape1024-n4-steps5-c3-s143-job5052358,decision-qwen25_3b-math-shape1024-n4-steps5-c3-s143,qwen25_3b-math-shape1024-n4-steps5-c3,evaluation,idle,37478.0,0.500007473,1,
decision-qwen25_3b-math-shape1024-n4-steps5-c3-s143-job5052358,decision-qwen25_3b-math-shape1024-n4-steps5-c3-s143,qwen25_3b-math-shape1024-n4-steps5-c3,evaluation,unknown,37478.0,0.100007653,1,
decision-qwen25_3b-math-shape1024-n4-steps5-c3-s143-job5052358,decision-qwen25_3b-math-shape1024-n4-steps5-c3-s143,qwen25_3b-math-shape1024-n4-steps5-c3,evaluation,checkpoint,22926.0,12.600005769000001,1,
decision-qwen25_3b-math-shape1024-n4-steps5-c3-s143-job5052358,decision-qwen25_3b-math-shape1024-n4-steps5-c3-s143,qwen25_3b-math-shape1024-n4-steps5-c3,evaluation,validation,37552.0,16.199987245,1,
decision-qwen25_3b-gsm8k-shape1024-n4-steps5-c3-s142-job5052363,decision-qwen25_3b-gsm8k-shape1024-n4-steps5-c3-s142,qwen25_3b-gsm8k-shape1024-n4-steps5-c3,evaluation,initializing,36708.0,152.9949852760001,1,
decision-qwen25_3b-gsm8k-shape1024-n4-steps5-c3-s142-job5052363,decision-qwen25_3b-gsm8k-shape1024-n4-steps5-c3-s142,qwen25_3b-gsm8k-shape1024-n4-steps5-c3,evaluation,rollout,37294.0,68.79997052000009,1,
decision-qwen25_3b-gsm8k-shape1024-n4-steps5-c3-s142-job5052363,decision-qwen25_3b-gsm8k-shape1024-n4-steps5-c3-s142,qwen25_3b-gsm8k-shape1024-n4-steps5-c3,evaluation,reference_logprob,12362.0,48.999973438,1,
decision-qwen25_3b-gsm8k-shape1024-n4-steps5-c3-s142-job5052363,decision-qwen25_3b-gsm8k-shape1024-n4-steps5-c3-s142,qwen25_3b-gsm8k-shape1024-n4-steps5-c3,evaluation,actor_update,18248.0,31.900027758999986,1,
decision-qwen25_3b-gsm8k-shape1024-n4-steps5-c3-s142-job5052363,decision-qwen25_3b-gsm8k-shape1024-n4-steps5-c3-s142,qwen25_3b-gsm8k-shape1024-n4-steps5-c3,evaluation,weight_sync,37140.0,64.00001005700003,1,
decision-qwen25_3b-gsm8k-shape1024-n4-steps5-c3-s142-job5052363,decision-qwen25_3b-gsm8k-shape1024-n4-steps5-c3-s142,qwen25_3b-gsm8k-shape1024-n4-steps5-c3,evaluation,idle,37140.0,0.100009055,1,
decision-qwen25_3b-gsm8k-shape1024-n4-steps5-c3-s142-job5052363,decision-qwen25_3b-gsm8k-shape1024-n4-steps5-c3-s142,qwen25_3b-gsm8k-shape1024-n4-steps5-c3,evaluation,checkpoint,17348.0,12.30000042100001,1,
decision-qwen25_3b-gsm8k-shape1024-n4-steps5-c3-s142-job5052363,decision-qwen25_3b-gsm8k-shape1024-n4-steps5-c3-s142,qwen25_3b-gsm8k-shape1024-n4-steps5-c3,evaluation,validation,37142.0,12.399997460000003,1,
decision-qwen25_3b-gsm8k-shape1024-n4-steps5-c2-s142-job5052365,decision-qwen25_3b-gsm8k-shape1024-n4-steps5-c2-s142,qwen25_3b-gsm8k-shape1024-n4-steps5-c2,evaluation,initializing,32676.0,150.29619812800036,1,
decision-qwen25_3b-gsm8k-shape1024-n4-steps5-c2-s142-job5052365,decision-qwen25_3b-gsm8k-shape1024-n4-steps5-c2-s142,qwen25_3b-gsm8k-shape1024-n4-steps5-c2,evaluation,unknown,33108.0,0.199997385,1,
decision-qwen25_3b-gsm8k-shape1024-n4-steps5-c2-s142-job5052365,decision-qwen25_3b-gsm8k-shape1024-n4-steps5-c2-s142,qwen25_3b-gsm8k-shape1024-n4-steps5-c2,evaluation,rollout,33264.0,66.70446893600003,1,
decision-qwen25_3b-gsm8k-shape1024-n4-steps5-c2-s142-job5052365,decision-qwen25_3b-gsm8k-shape1024-n4-steps5-c2-s142,qwen25_3b-gsm8k-shape1024-n4-steps5-c2,evaluation,reference_logprob,12602.0,50.495550049,1,
decision-qwen25_3b-gsm8k-shape1024-n4-steps5-c2-s142-job5052365,decision-qwen25_3b-gsm8k-shape1024-n4-steps5-c2-s142,qwen25_3b-gsm8k-shape1024-n4-steps5-c2,evaluation,actor_update,15170.0,59.900010378999994,1,
decision-qwen25_3b-gsm8k-shape1024-n4-steps5-c2-s142-job5052365,decision-qwen25_3b-gsm8k-shape1024-n4-steps5-c2-s142,qwen25_3b-gsm8k-shape1024-n4-steps5-c2,evaluation,weight_sync,33108.0,60.89993056100005,1,
decision-qwen25_3b-gsm8k-shape1024-n4-steps5-c2-s142-job5052365,decision-qwen25_3b-gsm8k-shape1024-n4-steps5-c2-s142,qwen25_3b-gsm8k-shape1024-n4-steps5-c2,evaluation,idle,33108.0,0.40000005699999996,1,
decision-qwen25_3b-gsm8k-shape1024-n4-steps5-c2-s142-job5052365,decision-qwen25_3b-gsm8k-shape1024-n4-steps5-c2-s142,qwen25_3b-gsm8k-shape1024-n4-steps5-c2,evaluation,checkpoint,14746.0,12.600006307999998,1,
decision-qwen25_3b-gsm8k-shape1024-n4-steps5-c2-s142-job5052365,decision-qwen25_3b-gsm8k-shape1024-n4-steps5-c2-s142,qwen25_3b-gsm8k-shape1024-n4-steps5-c2,evaluation,validation,33110.0,13.000027602999996,1,
decision-phi4_mini-gsm8k-shape1024-n4-steps5-c4-s144-job5052366,decision-phi4_mini-gsm8k-shape1024-n4-steps5-c4-s144,phi4_mini-gsm8k-shape1024-n4-steps5-c4,evaluation,initializing,14790.0,104.99409196599993,0,rollout_init_memory
decision-qwen25_3b-gsm8k-shape1024-n4-steps5-c3-s141-job5052371,decision-qwen25_3b-gsm8k-shape1024-n4-steps5-c3-s141,qwen25_3b-gsm8k-shape1024-n4-steps5-c3,screen,initializing,36708.0,148.79269600800026,1,
decision-qwen25_3b-gsm8k-shape1024-n4-steps5-c3-s141-job5052371,decision-qwen25_3b-gsm8k-shape1024-n4-steps5-c3-s141,qwen25_3b-gsm8k-shape1024-n4-steps5-c3,screen,rollout,37300.0,79.30004151299997,1,
decision-qwen25_3b-gsm8k-shape1024-n4-steps5-c3-s141-job5052371,decision-qwen25_3b-gsm8k-shape1024-n4-steps5-c3-s141,qwen25_3b-gsm8k-shape1024-n4-steps5-c3,screen,reference_logprob,12442.0,48.39998676100003,1,
decision-qwen25_3b-gsm8k-shape1024-n4-steps5-c3-s141-job5052371,decision-qwen25_3b-gsm8k-shape1024-n4-steps5-c3-s141,qwen25_3b-gsm8k-shape1024-n4-steps5-c3,screen,actor_update,18192.0,31.399980355000025,1,
decision-qwen25_3b-gsm8k-shape1024-n4-steps5-c3-s141-job5052371,decision-qwen25_3b-gsm8k-shape1024-n4-steps5-c3-s141,qwen25_3b-gsm8k-shape1024-n4-steps5-c3,screen,weight_sync,37140.0,64.49998996499993,1,
decision-qwen25_3b-gsm8k-shape1024-n4-steps5-c3-s141-job5052371,decision-qwen25_3b-gsm8k-shape1024-n4-steps5-c3-s141,qwen25_3b-gsm8k-shape1024-n4-steps5-c3,screen,checkpoint,17508.0,12.999998962000003,1,
decision-qwen25_3b-gsm8k-shape1024-n4-steps5-c3-s141-job5052371,decision-qwen25_3b-gsm8k-shape1024-n4-steps5-c3-s141,qwen25_3b-gsm8k-shape1024-n4-steps5-c3,screen,validation,37146.0,12.299991407000004,1,
decision-qwen25_3b-math-shape1024-n4-steps5-c2-s141-job5052372,decision-qwen25_3b-math-shape1024-n4-steps5-c2-s141,qwen25_3b-math-shape1024-n4-steps5-c2,screen,initializing,33282.0,158.89602812899986,1,
decision-qwen25_3b-math-shape1024-n4-steps5-c2-s141-job5052372,decision-qwen25_3b-math-shape1024-n4-steps5-c2-s141,qwen25_3b-math-shape1024-n4-steps5-c2,screen,rollout,33984.0,106.5999885490001,1,
decision-qwen25_3b-math-shape1024-n4-steps5-c2-s141-job5052372,decision-qwen25_3b-math-shape1024-n4-steps5-c2-s141,qwen25_3b-math-shape1024-n4-steps5-c2,screen,reference_logprob,16496.0,57.29998992400001,1,
decision-qwen25_3b-math-shape1024-n4-steps5-c2-s141-job5052372,decision-qwen25_3b-math-shape1024-n4-steps5-c2-s141,qwen25_3b-math-shape1024-n4-steps5-c2,screen,actor_update,18272.0,119.89999476799989,1,
decision-qwen25_3b-math-shape1024-n4-steps5-c2-s141-job5052372,decision-qwen25_3b-math-shape1024-n4-steps5-c2-s141,qwen25_3b-math-shape1024-n4-steps5-c2,screen,weight_sync,33446.0,62.299993495,1,
decision-qwen25_3b-math-shape1024-n4-steps5-c2-s141-job5052372,decision-qwen25_3b-math-shape1024-n4-steps5-c2-s141,qwen25_3b-math-shape1024-n4-steps5-c2,screen,idle,33446.0,0.700029487,1,
decision-qwen25_3b-math-shape1024-n4-steps5-c2-s141-job5052372,decision-qwen25_3b-math-shape1024-n4-steps5-c2-s141,qwen25_3b-math-shape1024-n4-steps5-c2,screen,checkpoint,17966.0,12.500000363,1,
decision-qwen25_3b-math-shape1024-n4-steps5-c2-s141-job5052372,decision-qwen25_3b-math-shape1024-n4-steps5-c2-s141,qwen25_3b-math-shape1024-n4-steps5-c2,screen,validation,33520.0,16.199982492,1,
decision-qwen25_3b-math-shape1024-n4-steps5-c3-s141-job5052373,decision-qwen25_3b-math-shape1024-n4-steps5-c3-s141,qwen25_3b-math-shape1024-n4-steps5-c3,screen,initializing,37314.0,150.39599465099965,1,
decision-qwen25_3b-math-shape1024-n4-steps5-c3-s141-job5052373,decision-qwen25_3b-math-shape1024-n4-steps5-c3-s141,qwen25_3b-math-shape1024-n4-steps5-c3,screen,rollout,38176.0,104.10002343900005,1,
decision-qwen25_3b-math-shape1024-n4-steps5-c3-s141-job5052373,decision-qwen25_3b-math-shape1024-n4-steps5-c3-s141,qwen25_3b-math-shape1024-n4-steps5-c3,screen,reference_logprob,16896.0,58.89998992899994,1,
decision-qwen25_3b-math-shape1024-n4-steps5-c3-s141-job5052373,decision-qwen25_3b-math-shape1024-n4-steps5-c3-s141,qwen25_3b-math-shape1024-n4-steps5-c3,screen,actor_update,24412.0,69.29998772999998,1,
decision-qwen25_3b-math-shape1024-n4-steps5-c3-s141-job5052373,decision-qwen25_3b-math-shape1024-n4-steps5-c3-s141,qwen25_3b-math-shape1024-n4-steps5-c3,screen,weight_sync,37478.0,64.19999770900004,1,
decision-qwen25_3b-math-shape1024-n4-steps5-c3-s141-job5052373,decision-qwen25_3b-math-shape1024-n4-steps5-c3-s141,qwen25_3b-math-shape1024-n4-steps5-c3,screen,idle,37478.0,0.600004065,1,
decision-qwen25_3b-math-shape1024-n4-steps5-c3-s141-job5052373,decision-qwen25_3b-math-shape1024-n4-steps5-c3-s141,qwen25_3b-math-shape1024-n4-steps5-c3,screen,checkpoint,21886.0,12.600007900999994,1,
decision-qwen25_3b-math-shape1024-n4-steps5-c3-s141-job5052373,decision-qwen25_3b-math-shape1024-n4-steps5-c3-s141,qwen25_3b-math-shape1024-n4-steps5-c3,screen,validation,37510.0,16.499998061,1,
decision-phi4_mini-math-shape1024-n4-steps5-c4-s141-job5052374,decision-phi4_mini-math-shape1024-n4-steps5-c4-s141,phi4_mini-math-shape1024-n4-steps5-c4,screen,initializing,14790.0,110.39549976100007,0,rollout_init_memory
decision-phi4_mini-gsm8k-shape1024-n4-steps5-c2-s144-job5052375,decision-phi4_mini-gsm8k-shape1024-n4-steps5-c2-s144,phi4_mini-gsm8k-shape1024-n4-steps5-c2,evaluation,initializing,35398.0,152.7964180629999,1,
decision-phi4_mini-gsm8k-shape1024-n4-steps5-c2-s144-job5052375,decision-phi4_mini-gsm8k-shape1024-n4-steps5-c2-s144,phi4_mini-gsm8k-shape1024-n4-steps5-c2,evaluation,rollout,35952.0,86.89998450399999,1,
decision-phi4_mini-gsm8k-shape1024-n4-steps5-c2-s144-job5052375,decision-phi4_mini-gsm8k-shape1024-n4-steps5-c2-s144,phi4_mini-gsm8k-shape1024-n4-steps5-c2,evaluation,reference_logprob,14744.0,35.19999543700004,1,
decision-phi4_mini-gsm8k-shape1024-n4-steps5-c2-s144-job5052375,decision-phi4_mini-gsm8k-shape1024-n4-steps5-c2-s144,phi4_mini-gsm8k-shape1024-n4-steps5-c2,evaluation,actor_update,17482.0,36.00002167600002,1,
decision-phi4_mini-gsm8k-shape1024-n4-steps5-c2-s144-job5052375,decision-phi4_mini-gsm8k-shape1024-n4-steps5-c2-s144,phi4_mini-gsm8k-shape1024-n4-steps5-c2,evaluation,weight_sync,35518.0,68.59994211199997,1,
decision-phi4_mini-gsm8k-shape1024-n4-steps5-c2-s144-job5052375,decision-phi4_mini-gsm8k-shape1024-n4-steps5-c2-s144,phi4_mini-gsm8k-shape1024-n4-steps5-c2,evaluation,unknown,35538.0,0.300028321,1,
decision-phi4_mini-gsm8k-shape1024-n4-steps5-c2-s144-job5052375,decision-phi4_mini-gsm8k-shape1024-n4-steps5-c2-s144,phi4_mini-gsm8k-shape1024-n4-steps5-c2,evaluation,idle,35538.0,0.300023084,1,
decision-phi4_mini-gsm8k-shape1024-n4-steps5-c2-s144-job5052375,decision-phi4_mini-gsm8k-shape1024-n4-steps5-c2-s144,phi4_mini-gsm8k-shape1024-n4-steps5-c2,evaluation,checkpoint,19462.0,15.400001339000001,1,
decision-phi4_mini-gsm8k-shape1024-n4-steps5-c2-s144-job5052375,decision-phi4_mini-gsm8k-shape1024-n4-steps5-c2-s144,phi4_mini-gsm8k-shape1024-n4-steps5-c2,evaluation,validation,35540.0,13.099989403999997,1,
decision-phi4_mini-gsm8k-shape1024-n4-steps5-c3-s143-job5052376,decision-phi4_mini-gsm8k-shape1024-n4-steps5-c3-s143,phi4_mini-gsm8k-shape1024-n4-steps5-c3,evaluation,initializing,39430.0,147.79634389199992,1,
decision-phi4_mini-gsm8k-shape1024-n4-steps5-c3-s143-job5052376,decision-phi4_mini-gsm8k-shape1024-n4-steps5-c3-s143,phi4_mini-gsm8k-shape1024-n4-steps5-c3,evaluation,rollout,40020.0,87.59995472800006,1,
decision-phi4_mini-gsm8k-shape1024-n4-steps5-c3-s143-job5052376,decision-phi4_mini-gsm8k-shape1024-n4-steps5-c3-s143,phi4_mini-gsm8k-shape1024-n4-steps5-c3,evaluation,reference_logprob,14906.0,34.20003360999999,1,
decision-phi4_mini-gsm8k-shape1024-n4-steps5-c3-s143-job5052376,decision-phi4_mini-gsm8k-shape1024-n4-steps5-c3-s143,phi4_mini-gsm8k-shape1024-n4-steps5-c3,evaluation,actor_update,21194.0,22.699978386999984,1,
decision-phi4_mini-gsm8k-shape1024-n4-steps5-c3-s143-job5052376,decision-phi4_mini-gsm8k-shape1024-n4-steps5-c3-s143,phi4_mini-gsm8k-shape1024-n4-steps5-c3,evaluation,weight_sync,39550.0,79.19998159599993,1,
decision-phi4_mini-gsm8k-shape1024-n4-steps5-c3-s143-job5052376,decision-phi4_mini-gsm8k-shape1024-n4-steps5-c3-s143,phi4_mini-gsm8k-shape1024-n4-steps5-c3,evaluation,idle,39550.0,0.200046063,1,
decision-phi4_mini-gsm8k-shape1024-n4-steps5-c3-s143-job5052376,decision-phi4_mini-gsm8k-shape1024-n4-steps5-c3-s143,phi4_mini-gsm8k-shape1024-n4-steps5-c3,evaluation,checkpoint,20284.0,15.400003253,1,
decision-phi4_mini-gsm8k-shape1024-n4-steps5-c3-s143-job5052376,decision-phi4_mini-gsm8k-shape1024-n4-steps5-c3-s143,phi4_mini-gsm8k-shape1024-n4-steps5-c3,evaluation,validation,39552.0,12.399995423000002,1,
decision-phi4_mini-gsm8k-shape1024-n4-steps5-c2-s142-job5052381,decision-phi4_mini-gsm8k-shape1024-n4-steps5-c2-s142,phi4_mini-gsm8k-shape1024-n4-steps5-c2,evaluation,initializing,35398.0,154.09568804099996,1,
decision-phi4_mini-gsm8k-shape1024-n4-steps5-c2-s142-job5052381,decision-phi4_mini-gsm8k-shape1024-n4-steps5-c2-s142,phi4_mini-gsm8k-shape1024-n4-steps5-c2,evaluation,rollout,35858.0,83.59997870799994,1,
decision-phi4_mini-gsm8k-shape1024-n4-steps5-c2-s142-job5052381,decision-phi4_mini-gsm8k-shape1024-n4-steps5-c2-s142,phi4_mini-gsm8k-shape1024-n4-steps5-c2,evaluation,reference_logprob,14926.0,34.299987520999984,1,
decision-phi4_mini-gsm8k-shape1024-n4-steps5-c2-s142-job5052381,decision-phi4_mini-gsm8k-shape1024-n4-steps5-c2-s142,phi4_mini-gsm8k-shape1024-n4-steps5-c2,evaluation,actor_update,17856.0,41.49995263499999,1,
decision-phi4_mini-gsm8k-shape1024-n4-steps5-c2-s142-job5052381,decision-phi4_mini-gsm8k-shape1024-n4-steps5-c2-s142,phi4_mini-gsm8k-shape1024-n4-steps5-c2,evaluation,weight_sync,35518.0,76.60004502899996,1,
decision-phi4_mini-gsm8k-shape1024-n4-steps5-c2-s142-job5052381,decision-phi4_mini-gsm8k-shape1024-n4-steps5-c2-s142,phi4_mini-gsm8k-shape1024-n4-steps5-c2,evaluation,idle,35518.0,0.200025807,1,
decision-phi4_mini-gsm8k-shape1024-n4-steps5-c2-s142-job5052381,decision-phi4_mini-gsm8k-shape1024-n4-steps5-c2-s142,phi4_mini-gsm8k-shape1024-n4-steps5-c2,evaluation,checkpoint,19462.0,15.100000201000002,1,
decision-phi4_mini-gsm8k-shape1024-n4-steps5-c2-s142-job5052381,decision-phi4_mini-gsm8k-shape1024-n4-steps5-c2-s142,phi4_mini-gsm8k-shape1024-n4-steps5-c2,evaluation,validation,35520.0,10.399997733999996,1,
decision-qwen25_3b-math-shape1024-n4-steps5-c2-s143-job5052382,decision-qwen25_3b-math-shape1024-n4-steps5-c2-s143,qwen25_3b-math-shape1024-n4-steps5-c2,evaluation,initializing,33282.0,151.49652014500015,1,
decision-qwen25_3b-math-shape1024-n4-steps5-c2-s143-job5052382,decision-qwen25_3b-math-shape1024-n4-steps5-c2-s143,qwen25_3b-math-shape1024-n4-steps5-c2,evaluation,rollout,34008.0,105.30000050800017,1,
decision-qwen25_3b-math-shape1024-n4-steps5-c2-s143-job5052382,decision-qwen25_3b-math-shape1024-n4-steps5-c2-s143,qwen25_3b-math-shape1024-n4-steps5-c2,evaluation,reference_logprob,16256.0,57.899986614999975,1,
decision-qwen25_3b-math-shape1024-n4-steps5-c2-s143-job5052382,decision-qwen25_3b-math-shape1024-n4-steps5-c2-s143,qwen25_3b-math-shape1024-n4-steps5-c2,evaluation,actor_update,18186.0,122.40002299500021,1,
decision-qwen25_3b-math-shape1024-n4-steps5-c2-s143-job5052382,decision-qwen25_3b-math-shape1024-n4-steps5-c2-s143,qwen25_3b-math-shape1024-n4-steps5-c2,evaluation,weight_sync,33446.0,64.09997190900005,1,
decision-qwen25_3b-math-shape1024-n4-steps5-c2-s143-job5052382,decision-qwen25_3b-math-shape1024-n4-steps5-c2-s143,qwen25_3b-math-shape1024-n4-steps5-c2,evaluation,idle,33446.0,0.600008502,1,
decision-qwen25_3b-math-shape1024-n4-steps5-c2-s143-job5052382,decision-qwen25_3b-math-shape1024-n4-steps5-c2-s143,qwen25_3b-math-shape1024-n4-steps5-c2,evaluation,unknown,33446.0,0.100005436,1,
decision-qwen25_3b-math-shape1024-n4-steps5-c2-s143-job5052382,decision-qwen25_3b-math-shape1024-n4-steps5-c2-s143,qwen25_3b-math-shape1024-n4-steps5-c2,evaluation,checkpoint,17926.0,12.500004117000003,1,
decision-qwen25_3b-math-shape1024-n4-steps5-c2-s143-job5052382,decision-qwen25_3b-math-shape1024-n4-steps5-c2-s143,qwen25_3b-math-shape1024-n4-steps5-c2,evaluation,validation,33516.0,16.099985680999996,1,
decision-qwen25_3b-math-shape1024-n4-steps5-c4-s141-job5052385,decision-qwen25_3b-math-shape1024-n4-steps5-c4-s141,qwen25_3b-math-shape1024-n4-steps5-c4,screen,initializing,40956.0,164.77145051600002,0,rollout_init_memory
decision-qwen25_3b-math-shape1024-n4-steps5-c3-s142-job5052407,decision-qwen25_3b-math-shape1024-n4-steps5-c3-s142,qwen25_3b-math-shape1024-n4-steps5-c3,evaluation,initializing,37312.0,154.79425819800002,1,
decision-qwen25_3b-math-shape1024-n4-steps5-c3-s142-job5052407,decision-qwen25_3b-math-shape1024-n4-steps5-c3-s142,qwen25_3b-math-shape1024-n4-steps5-c3,evaluation,rollout,38070.0,89.59998504500003,1,
decision-qwen25_3b-math-shape1024-n4-steps5-c3-s142-job5052407,decision-qwen25_3b-math-shape1024-n4-steps5-c3-s142,qwen25_3b-math-shape1024-n4-steps5-c3,evaluation,reference_logprob,16616.0,58.09997691999999,1,
decision-qwen25_3b-math-shape1024-n4-steps5-c3-s142-job5052407,decision-qwen25_3b-math-shape1024-n4-steps5-c3-s142,qwen25_3b-math-shape1024-n4-steps5-c3,evaluation,actor_update,24432.0,71.20002997099999,1,
decision-qwen25_3b-math-shape1024-n4-steps5-c3-s142-job5052407,decision-qwen25_3b-math-shape1024-n4-steps5-c3-s142,qwen25_3b-math-shape1024-n4-steps5-c3,evaluation,weight_sync,37478.0,56.99997798399999,1,
decision-qwen25_3b-math-shape1024-n4-steps5-c3-s142-job5052407,decision-qwen25_3b-math-shape1024-n4-steps5-c3-s142,qwen25_3b-math-shape1024-n4-steps5-c3,evaluation,idle,37478.0,0.900051153,1,
decision-qwen25_3b-math-shape1024-n4-steps5-c3-s142-job5052407,decision-qwen25_3b-math-shape1024-n4-steps5-c3-s142,qwen25_3b-math-shape1024-n4-steps5-c3,evaluation,checkpoint,21986.0,12.099987971000001,1,
decision-qwen25_3b-math-shape1024-n4-steps5-c3-s142-job5052407,decision-qwen25_3b-math-shape1024-n4-steps5-c3-s142,qwen25_3b-math-shape1024-n4-steps5-c3,evaluation,validation,37548.0,18.799998991000006,1,
decision-qwen25_3b-gsm8k-shape1024-n4-steps5-c4-s141-job5052408,decision-qwen25_3b-gsm8k-shape1024-n4-steps5-c4-s141,qwen25_3b-gsm8k-shape1024-n4-steps5-c4,screen,initializing,40812.0,171.58287069800008,0,weight_sync_oom
decision-qwen25_3b-gsm8k-shape1024-n4-steps5-c4-s141-job5052408,decision-qwen25_3b-gsm8k-shape1024-n4-steps5-c4-s141,qwen25_3b-gsm8k-shape1024-n4-steps5-c4,screen,rollout,40934.0,23.999992202000005,0,weight_sync_oom
decision-qwen25_3b-gsm8k-shape1024-n4-steps5-c4-s141-job5052408,decision-qwen25_3b-gsm8k-shape1024-n4-steps5-c4-s141,qwen25_3b-gsm8k-shape1024-n4-steps5-c4,screen,reference_logprob,12046.0,11.999999651999996,0,weight_sync_oom
decision-qwen25_3b-gsm8k-shape1024-n4-steps5-c4-s141-job5052408,decision-qwen25_3b-gsm8k-shape1024-n4-steps5-c4-s141,qwen25_3b-gsm8k-shape1024-n4-steps5-c4,screen,actor_update,17868.0,7.400000231999998,0,weight_sync_oom
decision-qwen25_3b-gsm8k-shape1024-n4-steps5-c4-s141-job5052408,decision-qwen25_3b-gsm8k-shape1024-n4-steps5-c4-s141,qwen25_3b-gsm8k-shape1024-n4-steps5-c4,screen,weight_sync,40536.0,18.900001063999987,0,weight_sync_oom
decision-qwen25_3b-math-shape1024-n4-steps5-c2-s142-job5052409,decision-qwen25_3b-math-shape1024-n4-steps5-c2-s142,qwen25_3b-math-shape1024-n4-steps5-c2,evaluation,initializing,33282.0,148.79599343399988,1,
decision-qwen25_3b-math-shape1024-n4-steps5-c2-s142-job5052409,decision-qwen25_3b-math-shape1024-n4-steps5-c2-s142,qwen25_3b-math-shape1024-n4-steps5-c2,evaluation,rollout,33946.0,87.60462352799985,1,
decision-qwen25_3b-math-shape1024-n4-steps5-c2-s142-job5052409,decision-qwen25_3b-math-shape1024-n4-steps5-c2-s142,qwen25_3b-math-shape1024-n4-steps5-c2,evaluation,reference_logprob,16656.0,59.295374239999994,1,
decision-qwen25_3b-math-shape1024-n4-steps5-c2-s142-job5052409,decision-qwen25_3b-math-shape1024-n4-steps5-c2-s142,qwen25_3b-math-shape1024-n4-steps5-c2,evaluation,actor_update,18470.0,122.19998550699977,1,
decision-qwen25_3b-math-shape1024-n4-steps5-c2-s142-job5052409,decision-qwen25_3b-math-shape1024-n4-steps5-c2-s142,qwen25_3b-math-shape1024-n4-steps5-c2,evaluation,weight_sync,33446.0,59.39998449899996,1,
decision-qwen25_3b-math-shape1024-n4-steps5-c2-s142-job5052409,decision-qwen25_3b-math-shape1024-n4-steps5-c2-s142,qwen25_3b-math-shape1024-n4-steps5-c2,evaluation,idle,33446.0,0.600037291,1,
decision-qwen25_3b-math-shape1024-n4-steps5-c2-s142-job5052409,decision-qwen25_3b-math-shape1024-n4-steps5-c2-s142,qwen25_3b-math-shape1024-n4-steps5-c2,evaluation,unknown,18546.0,0.099987073,1,
decision-qwen25_3b-math-shape1024-n4-steps5-c2-s142-job5052409,decision-qwen25_3b-math-shape1024-n4-steps5-c2-s142,qwen25_3b-math-shape1024-n4-steps5-c2,evaluation,checkpoint,17546.0,12.300005856999991,1,
decision-qwen25_3b-math-shape1024-n4-steps5-c2-s142-job5052409,decision-qwen25_3b-math-shape1024-n4-steps5-c2-s142,qwen25_3b-math-shape1024-n4-steps5-c2,evaluation,validation,33602.0,16.299989590999996,1,
decision-qwen25_3b-gsm8k-shape1024-n4-steps5-c4-s144-job5052415,decision-qwen25_3b-gsm8k-shape1024-n4-steps5-c4-s144,qwen25_3b-gsm8k-shape1024-n4-steps5-c4,evaluation,initializing,40812.0,148.48365514599982,0,weight_sync_oom
decision-qwen25_3b-gsm8k-shape1024-n4-steps5-c4-s144-job5052415,decision-qwen25_3b-gsm8k-shape1024-n4-steps5-c4-s144,qwen25_3b-gsm8k-shape1024-n4-steps5-c4,evaluation,rollout,40916.0,22.29999224399999,0,weight_sync_oom
decision-qwen25_3b-gsm8k-shape1024-n4-steps5-c4-s144-job5052415,decision-qwen25_3b-gsm8k-shape1024-n4-steps5-c4-s144,qwen25_3b-gsm8k-shape1024-n4-steps5-c4,evaluation,reference_logprob,11906.0,10.699998227,0,weight_sync_oom
decision-qwen25_3b-gsm8k-shape1024-n4-steps5-c4-s144-job5052415,decision-qwen25_3b-gsm8k-shape1024-n4-steps5-c4-s144,qwen25_3b-gsm8k-shape1024-n4-steps5-c4,evaluation,actor_update,17728.0,6.699997652000002,0,weight_sync_oom
decision-qwen25_3b-gsm8k-shape1024-n4-steps5-c4-s144-job5052415,decision-qwen25_3b-gsm8k-shape1024-n4-steps5-c4-s144,qwen25_3b-gsm8k-shape1024-n4-steps5-c4,evaluation,weight_sync,40536.0,17.80000381900001,0,weight_sync_oom
decision-phi4_mini-gsm8k-shape1024-n4-steps5-c4-s142-job5052431,decision-phi4_mini-gsm8k-shape1024-n4-steps5-c4-s142,phi4_mini-gsm8k-shape1024-n4-steps5-c4,evaluation,initializing,14790.0,129.09649755900006,0,rollout_init_memory
decision-phi4_mini-math-shape1024-n4-steps5-c2-s143-job5052452,decision-phi4_mini-math-shape1024-n4-steps5-c2-s143,phi4_mini-math-shape1024-n4-steps5-c2,evaluation,initializing,35920.0,153.99590277400011,1,
decision-phi4_mini-math-shape1024-n4-steps5-c2-s143-job5052452,decision-phi4_mini-math-shape1024-n4-steps5-c2-s143,phi4_mini-math-shape1024-n4-steps5-c2,evaluation,rollout,37104.0,109.60739877999993,1,
decision-phi4_mini-math-shape1024-n4-steps5-c2-s143-job5052452,decision-phi4_mini-math-shape1024-n4-steps5-c2-s143,phi4_mini-math-shape1024-n4-steps5-c2,evaluation,reference_logprob,19882.0,49.792617359,1,
decision-phi4_mini-math-shape1024-n4-steps5-c2-s143-job5052452,decision-phi4_mini-math-shape1024-n4-steps5-c2-s143,phi4_mini-math-shape1024-n4-steps5-c2,evaluation,actor_update,22266.0,87.50001448199986,1,
decision-phi4_mini-math-shape1024-n4-steps5-c2-s143-job5052452,decision-phi4_mini-math-shape1024-n4-steps5-c2-s143,phi4_mini-math-shape1024-n4-steps5-c2,evaluation,weight_sync,35746.0,80.199969107,1,
decision-phi4_mini-math-shape1024-n4-steps5-c2-s143-job5052452,decision-phi4_mini-math-shape1024-n4-steps5-c2-s143,phi4_mini-math-shape1024-n4-steps5-c2,evaluation,idle,35746.0,0.100008959,1,
decision-phi4_mini-math-shape1024-n4-steps5-c2-s143-job5052452,decision-phi4_mini-math-shape1024-n4-steps5-c2-s143,phi4_mini-math-shape1024-n4-steps5-c2,evaluation,checkpoint,22376.0,15.799990166,1,
decision-phi4_mini-math-shape1024-n4-steps5-c2-s143-job5052452,decision-phi4_mini-math-shape1024-n4-steps5-c2-s143,phi4_mini-math-shape1024-n4-steps5-c2,evaluation,validation,35822.0,16.399982915,1,
decision-phi4_mini-gsm8k-shape1024-n4-steps5-c4-s143-job5052458,decision-phi4_mini-gsm8k-shape1024-n4-steps5-c4-s143,phi4_mini-gsm8k-shape1024-n4-steps5-c4,evaluation,initializing,14790.0,111.8962838919999,0,rollout_init_memory
decision-phi4_mini-math-shape1024-n4-steps5-c2-s144-job5052460,decision-phi4_mini-math-shape1024-n4-steps5-c2-s144,phi4_mini-math-shape1024-n4-steps5-c2,evaluation,initializing,35920.0,152.99360804500012,1,
decision-phi4_mini-math-shape1024-n4-steps5-c2-s144-job5052460,decision-phi4_mini-math-shape1024-n4-steps5-c2-s144,phi4_mini-math-shape1024-n4-steps5-c2,evaluation,rollout,37198.0,113.00000255199993,1,
decision-phi4_mini-math-shape1024-n4-steps5-c2-s144-job5052460,decision-phi4_mini-math-shape1024-n4-steps5-c2-s144,phi4_mini-math-shape1024-n4-steps5-c2,evaluation,reference_logprob,20540.0,48.19999684099999,1,
decision-phi4_mini-math-shape1024-n4-steps5-c2-s144-job5052460,decision-phi4_mini-math-shape1024-n4-steps5-c2-s144,phi4_mini-math-shape1024-n4-steps5-c2,evaluation,actor_update,22872.0,82.30002050700004,1,
decision-phi4_mini-math-shape1024-n4-steps5-c2-s144-job5052460,decision-phi4_mini-math-shape1024-n4-steps5-c2-s144,phi4_mini-math-shape1024-n4-steps5-c2,evaluation,weight_sync,35766.0,71.69995362300008,1,
decision-phi4_mini-math-shape1024-n4-steps5-c2-s144-job5052460,decision-phi4_mini-math-shape1024-n4-steps5-c2-s144,phi4_mini-math-shape1024-n4-steps5-c2,evaluation,idle,35766.0,0.200011714,1,
decision-phi4_mini-math-shape1024-n4-steps5-c2-s144-job5052460,decision-phi4_mini-math-shape1024-n4-steps5-c2-s144,phi4_mini-math-shape1024-n4-steps5-c2,evaluation,checkpoint,22198.0,15.100007647000002,1,
decision-phi4_mini-math-shape1024-n4-steps5-c2-s144-job5052460,decision-phi4_mini-math-shape1024-n4-steps5-c2-s144,phi4_mini-math-shape1024-n4-steps5-c2,evaluation,validation,35838.0,16.300007219000005,1,
decision-phi4_mini-gsm8k-shape1024-n4-steps5-c3-s141-job5052468,decision-phi4_mini-gsm8k-shape1024-n4-steps5-c3-s141,phi4_mini-gsm8k-shape1024-n4-steps5-c3,screen,initializing,39430.0,151.59662616400024,1,
decision-phi4_mini-gsm8k-shape1024-n4-steps5-c3-s141-job5052468,decision-phi4_mini-gsm8k-shape1024-n4-steps5-c3-s141,phi4_mini-gsm8k-shape1024-n4-steps5-c3,screen,rollout,40064.0,54.899929246,1,
decision-phi4_mini-gsm8k-shape1024-n4-steps5-c3-s141-job5052468,decision-phi4_mini-gsm8k-shape1024-n4-steps5-c3-s141,phi4_mini-gsm8k-shape1024-n4-steps5-c3,screen,reference_logprob,14626.0,34.40004047299999,1,
decision-phi4_mini-gsm8k-shape1024-n4-steps5-c3-s141-job5052468,decision-phi4_mini-gsm8k-shape1024-n4-steps5-c3-s141,phi4_mini-gsm8k-shape1024-n4-steps5-c3,screen,actor_update,20482.0,22.600002676000006,1,
decision-phi4_mini-gsm8k-shape1024-n4-steps5-c3-s141-job5052468,decision-phi4_mini-gsm8k-shape1024-n4-steps5-c3-s141,phi4_mini-gsm8k-shape1024-n4-steps5-c3,screen,weight_sync,39550.0,67.39999002100005,1,
decision-phi4_mini-gsm8k-shape1024-n4-steps5-c3-s141-job5052468,decision-phi4_mini-gsm8k-shape1024-n4-steps5-c3-s141,phi4_mini-gsm8k-shape1024-n4-steps5-c3,screen,idle,39550.0,0.30003491800000004,1,
decision-phi4_mini-gsm8k-shape1024-n4-steps5-c3-s141-job5052468,decision-phi4_mini-gsm8k-shape1024-n4-steps5-c3-s141,phi4_mini-gsm8k-shape1024-n4-steps5-c3,screen,checkpoint,19764.0,14.800001438,1,
decision-phi4_mini-gsm8k-shape1024-n4-steps5-c3-s141-job5052468,decision-phi4_mini-gsm8k-shape1024-n4-steps5-c3-s141,phi4_mini-gsm8k-shape1024-n4-steps5-c3,screen,validation,39552.0,12.99998185899999,1,
decision-phi4_mini-math-shape1024-n4-steps5-c2-s142-job5052470,decision-phi4_mini-math-shape1024-n4-steps5-c2-s142,phi4_mini-math-shape1024-n4-steps5-c2,evaluation,initializing,35920.0,144.69587582200003,1,
decision-phi4_mini-math-shape1024-n4-steps5-c2-s142-job5052470,decision-phi4_mini-math-shape1024-n4-steps5-c2-s142,phi4_mini-math-shape1024-n4-steps5-c2,evaluation,rollout,37200.0,104.29999894800001,1,
decision-phi4_mini-math-shape1024-n4-steps5-c2-s142-job5052470,decision-phi4_mini-math-shape1024-n4-steps5-c2-s142,phi4_mini-math-shape1024-n4-steps5-c2,evaluation,reference_logprob,20742.0,50.60001511899999,1,
decision-phi4_mini-math-shape1024-n4-steps5-c2-s142-job5052470,decision-phi4_mini-math-shape1024-n4-steps5-c2-s142,phi4_mini-math-shape1024-n4-steps5-c2,evaluation,actor_update,23108.0,85.09998281299988,1,
decision-phi4_mini-math-shape1024-n4-steps5-c2-s142-job5052470,decision-phi4_mini-math-shape1024-n4-steps5-c2-s142,phi4_mini-math-shape1024-n4-steps5-c2,evaluation,weight_sync,35766.0,61.69999689799998,1,
decision-phi4_mini-math-shape1024-n4-steps5-c2-s142-job5052470,decision-phi4_mini-math-shape1024-n4-steps5-c2-s142,phi4_mini-math-shape1024-n4-steps5-c2,evaluation,idle,35766.0,0.199989053,1,
decision-phi4_mini-math-shape1024-n4-steps5-c2-s142-job5052470,decision-phi4_mini-math-shape1024-n4-steps5-c2-s142,phi4_mini-math-shape1024-n4-steps5-c2,evaluation,checkpoint,21996.0,14.800002203000005,1,
decision-phi4_mini-math-shape1024-n4-steps5-c2-s142-job5052470,decision-phi4_mini-math-shape1024-n4-steps5-c2-s142,phi4_mini-math-shape1024-n4-steps5-c2,evaluation,validation,35824.0,18.70000339499999,1,
decision-qwen25_3b-math-shape1024-n4-steps5-c2-s144-job5052519,decision-qwen25_3b-math-shape1024-n4-steps5-c2-s144,qwen25_3b-math-shape1024-n4-steps5-c2,evaluation,initializing,33282.0,164.49581247499964,1,
decision-qwen25_3b-math-shape1024-n4-steps5-c2-s144-job5052519,decision-qwen25_3b-math-shape1024-n4-steps5-c2-s144,qwen25_3b-math-shape1024-n4-steps5-c2,evaluation,rollout,34084.0,105.099992078,1,
decision-qwen25_3b-math-shape1024-n4-steps5-c2-s144-job5052519,decision-qwen25_3b-math-shape1024-n4-steps5-c2-s144,qwen25_3b-math-shape1024-n4-steps5-c2,evaluation,reference_logprob,16356.0,58.000010285000016,1,
decision-qwen25_3b-math-shape1024-n4-steps5-c2-s144-job5052519,decision-qwen25_3b-math-shape1024-n4-steps5-c2-s144,qwen25_3b-math-shape1024-n4-steps5-c2,evaluation,actor_update,18226.0,122.8000812620001,1,
decision-qwen25_3b-math-shape1024-n4-steps5-c2-s144-job5052519,decision-qwen25_3b-math-shape1024-n4-steps5-c2-s144,qwen25_3b-math-shape1024-n4-steps5-c2,evaluation,weight_sync,33446.0,62.69988771300004,1,
decision-qwen25_3b-math-shape1024-n4-steps5-c2-s144-job5052519,decision-qwen25_3b-math-shape1024-n4-steps5-c2-s144,qwen25_3b-math-shape1024-n4-steps5-c2,evaluation,idle,33446.0,0.600008764,1,
decision-qwen25_3b-math-shape1024-n4-steps5-c2-s144-job5052519,decision-qwen25_3b-math-shape1024-n4-steps5-c2-s144,qwen25_3b-math-shape1024-n4-steps5-c2,evaluation,checkpoint,17306.0,12.699994574000003,1,
decision-qwen25_3b-math-shape1024-n4-steps5-c2-s144-job5052519,decision-qwen25_3b-math-shape1024-n4-steps5-c2-s144,qwen25_3b-math-shape1024-n4-steps5-c2,evaluation,validation,33478.0,16.199994089000004,1,
decision-phi4_mini-gsm8k-shape1024-n4-steps5-c4-s141-job5052520,decision-phi4_mini-gsm8k-shape1024-n4-steps5-c4-s141,phi4_mini-gsm8k-shape1024-n4-steps5-c4,screen,initializing,14790.0,109.79583266299983,0,rollout_init_memory
decision-qwen25_3b-math-shape1024-n4-steps5-c4-s144-job5052522,decision-qwen25_3b-math-shape1024-n4-steps5-c4-s144,qwen25_3b-math-shape1024-n4-steps5-c4,evaluation,initializing,40956.0,139.69351474200002,0,rollout_init_memory
decision-qwen25_3b-gsm8k-shape1024-n4-steps5-c3-s143-job5052564,decision-qwen25_3b-gsm8k-shape1024-n4-steps5-c3-s143,qwen25_3b-gsm8k-shape1024-n4-steps5-c3,evaluation,initializing,36706.0,150.19453278999995,1,
decision-qwen25_3b-gsm8k-shape1024-n4-steps5-c3-s143-job5052564,decision-qwen25_3b-gsm8k-shape1024-n4-steps5-c3-s143,qwen25_3b-gsm8k-shape1024-n4-steps5-c3,evaluation,rollout,37288.0,60.499977381000036,1,
decision-qwen25_3b-gsm8k-shape1024-n4-steps5-c3-s143-job5052564,decision-qwen25_3b-gsm8k-shape1024-n4-steps5-c3-s143,qwen25_3b-gsm8k-shape1024-n4-steps5-c3,evaluation,reference_logprob,12302.0,49.30001069500003,1,
decision-qwen25_3b-gsm8k-shape1024-n4-steps5-c3-s143-job5052564,decision-qwen25_3b-gsm8k-shape1024-n4-steps5-c3-s143,qwen25_3b-gsm8k-shape1024-n4-steps5-c3,evaluation,actor_update,18014.0,31.899975956000016,1,
decision-qwen25_3b-gsm8k-shape1024-n4-steps5-c3-s143-job5052564,decision-qwen25_3b-gsm8k-shape1024-n4-steps5-c3-s143,qwen25_3b-gsm8k-shape1024-n4-steps5-c3,evaluation,weight_sync,37140.0,62.30001742699991,1,
decision-qwen25_3b-gsm8k-shape1024-n4-steps5-c3-s143-job5052564,decision-qwen25_3b-gsm8k-shape1024-n4-steps5-c3-s143,qwen25_3b-gsm8k-shape1024-n4-steps5-c3,evaluation,idle,37140.0,0.200016373,1,
decision-qwen25_3b-gsm8k-shape1024-n4-steps5-c3-s143-job5052564,decision-qwen25_3b-gsm8k-shape1024-n4-steps5-c3-s143,qwen25_3b-gsm8k-shape1024-n4-steps5-c3,evaluation,checkpoint,17268.0,12.299999009999999,1,
decision-qwen25_3b-gsm8k-shape1024-n4-steps5-c3-s143-job5052564,decision-qwen25_3b-gsm8k-shape1024-n4-steps5-c3-s143,qwen25_3b-gsm8k-shape1024-n4-steps5-c3,evaluation,validation,37146.0,12.999992872999997,1,
decision-phi4_mini-math-shape1024-n4-steps5-c3-s142-job5052595,decision-phi4_mini-math-shape1024-n4-steps5-c3-s142,phi4_mini-math-shape1024-n4-steps5-c3,evaluation,initializing,40016.0,145.59491901299975,1,
decision-phi4_mini-math-shape1024-n4-steps5-c3-s142-job5052595,decision-phi4_mini-math-shape1024-n4-steps5-c3-s142,phi4_mini-math-shape1024-n4-steps5-c3,evaluation,rollout,40910.0,101.30000083399997,1,
decision-phi4_mini-math-shape1024-n4-steps5-c3-s142-job5052595,decision-phi4_mini-math-shape1024-n4-steps5-c3-s142,phi4_mini-math-shape1024-n4-steps5-c3,evaluation,reference_logprob,20642.0,49.49998546299999,1,
decision-phi4_mini-math-shape1024-n4-steps5-c3-s142-job5052595,decision-phi4_mini-math-shape1024-n4-steps5-c3-s142,phi4_mini-math-shape1024-n4-steps5-c3,evaluation,actor_update,30944.0,63.90000231499995,1,
decision-phi4_mini-math-shape1024-n4-steps5-c3-s142-job5052595,decision-phi4_mini-math-shape1024-n4-steps5-c3-s142,phi4_mini-math-shape1024-n4-steps5-c3,evaluation,weight_sync,39862.0,73.19999087400002,1,
decision-phi4_mini-math-shape1024-n4-steps5-c3-s142-job5052595,decision-phi4_mini-math-shape1024-n4-steps5-c3-s142,phi4_mini-math-shape1024-n4-steps5-c3,evaluation,idle,39862.0,0.200006688,1,
decision-phi4_mini-math-shape1024-n4-steps5-c3-s142-job5052595,decision-phi4_mini-math-shape1024-n4-steps5-c3-s142,phi4_mini-math-shape1024-n4-steps5-c3,evaluation,checkpoint,28510.0,15.300001742999997,1,
decision-phi4_mini-math-shape1024-n4-steps5-c3-s142-job5052595,decision-phi4_mini-math-shape1024-n4-steps5-c3-s142,phi4_mini-math-shape1024-n4-steps5-c3,evaluation,validation,39928.0,17.400002615000002,1,
decision-qwen25_3b-gsm8k-shape1024-n4-steps5-c4-s143-job5052597,decision-qwen25_3b-gsm8k-shape1024-n4-steps5-c4-s143,qwen25_3b-gsm8k-shape1024-n4-steps5-c4,evaluation,initializing,40810.0,147.38385922299986,0,weight_sync_oom
decision-qwen25_3b-gsm8k-shape1024-n4-steps5-c4-s143-job5052597,decision-qwen25_3b-gsm8k-shape1024-n4-steps5-c4-s143,qwen25_3b-gsm8k-shape1024-n4-steps5-c4,evaluation,rollout,40908.0,29.199995535,0,weight_sync_oom
decision-qwen25_3b-gsm8k-shape1024-n4-steps5-c4-s143-job5052597,decision-qwen25_3b-gsm8k-shape1024-n4-steps5-c4-s143,qwen25_3b-gsm8k-shape1024-n4-steps5-c4,evaluation,reference_logprob,12066.0,10.600001218,0,weight_sync_oom
decision-qwen25_3b-gsm8k-shape1024-n4-steps5-c4-s143-job5052597,decision-qwen25_3b-gsm8k-shape1024-n4-steps5-c4-s143,qwen25_3b-gsm8k-shape1024-n4-steps5-c4,evaluation,actor_update,17764.0,6.799966389000001,0,weight_sync_oom
decision-qwen25_3b-gsm8k-shape1024-n4-steps5-c4-s143-job5052597,decision-qwen25_3b-gsm8k-shape1024-n4-steps5-c4-s143,qwen25_3b-gsm8k-shape1024-n4-steps5-c4,evaluation,weight_sync,40536.0,17.400028565000003,0,weight_sync_oom
decision-phi4_mini-gsm8k-shape1024-n4-steps5-c2-s141-job5052656,decision-phi4_mini-gsm8k-shape1024-n4-steps5-c2-s141,phi4_mini-gsm8k-shape1024-n4-steps5-c2,screen,initializing,35398.0,148.396376916,1,
decision-phi4_mini-gsm8k-shape1024-n4-steps5-c2-s141-job5052656,decision-phi4_mini-gsm8k-shape1024-n4-steps5-c2-s141,phi4_mini-gsm8k-shape1024-n4-steps5-c2,screen,rollout,35972.0,58.799982414000006,1,
decision-phi4_mini-gsm8k-shape1024-n4-steps5-c2-s141-job5052656,decision-phi4_mini-gsm8k-shape1024-n4-steps5-c2-s141,phi4_mini-gsm8k-shape1024-n4-steps5-c2,screen,reference_logprob,15464.0,33.999990065999995,1,
decision-phi4_mini-gsm8k-shape1024-n4-steps5-c2-s141-job5052656,decision-phi4_mini-gsm8k-shape1024-n4-steps5-c2-s141,phi4_mini-gsm8k-shape1024-n4-steps5-c2,screen,actor_update,18608.0,35.900028623000004,1,
decision-phi4_mini-gsm8k-shape1024-n4-steps5-c2-s141-job5052656,decision-phi4_mini-gsm8k-shape1024-n4-steps5-c2-s141,phi4_mini-gsm8k-shape1024-n4-steps5-c2,screen,weight_sync,35518.0,69.799963535,1,
decision-phi4_mini-gsm8k-shape1024-n4-steps5-c2-s141-job5052656,decision-phi4_mini-gsm8k-shape1024-n4-steps5-c2-s141,phi4_mini-gsm8k-shape1024-n4-steps5-c2,screen,idle,35518.0,0.300024321,1,
decision-phi4_mini-gsm8k-shape1024-n4-steps5-c2-s141-job5052656,decision-phi4_mini-gsm8k-shape1024-n4-steps5-c2-s141,phi4_mini-gsm8k-shape1024-n4-steps5-c2,screen,checkpoint,19464.0,15.100004478,1,
decision-phi4_mini-gsm8k-shape1024-n4-steps5-c2-s141-job5052656,decision-phi4_mini-gsm8k-shape1024-n4-steps5-c2-s141,phi4_mini-gsm8k-shape1024-n4-steps5-c2,screen,validation,35520.0,14.200001161999992,1,
decision-phi4_mini-math-shape1024-n4-steps5-c3-s144-job5052664,decision-phi4_mini-math-shape1024-n4-steps5-c3-s144,phi4_mini-math-shape1024-n4-steps5-c3,evaluation,initializing,40016.0,176.1937569140002,1,
decision-phi4_mini-math-shape1024-n4-steps5-c3-s144-job5052664,decision-phi4_mini-math-shape1024-n4-steps5-c3-s144,phi4_mini-math-shape1024-n4-steps5-c3,evaluation,rollout,40928.0,103.29999541300002,1,
decision-phi4_mini-math-shape1024-n4-steps5-c3-s144-job5052664,decision-phi4_mini-math-shape1024-n4-steps5-c3-s144,phi4_mini-math-shape1024-n4-steps5-c3,evaluation,reference_logprob,20222.0,49.20001061600001,1,
decision-phi4_mini-math-shape1024-n4-steps5-c3-s144-job5052664,decision-phi4_mini-math-shape1024-n4-steps5-c3-s144,phi4_mini-math-shape1024-n4-steps5-c3,evaluation,actor_update,30602.0,62.20001402500003,1,
decision-phi4_mini-math-shape1024-n4-steps5-c3-s144-job5052664,decision-phi4_mini-math-shape1024-n4-steps5-c3-s144,phi4_mini-math-shape1024-n4-steps5-c3,evaluation,weight_sync,39842.0,66.99995741000002,1,
decision-phi4_mini-math-shape1024-n4-steps5-c3-s144-job5052664,decision-phi4_mini-math-shape1024-n4-steps5-c3-s144,phi4_mini-math-shape1024-n4-steps5-c3,evaluation,idle,39842.0,0.20001122500000001,1,
decision-phi4_mini-math-shape1024-n4-steps5-c3-s144-job5052664,decision-phi4_mini-math-shape1024-n4-steps5-c3-s144,phi4_mini-math-shape1024-n4-steps5-c3,evaluation,checkpoint,28250.0,16.800000400000005,1,
decision-phi4_mini-math-shape1024-n4-steps5-c3-s144-job5052664,decision-phi4_mini-math-shape1024-n4-steps5-c3-s144,phi4_mini-math-shape1024-n4-steps5-c3,evaluation,validation,39910.0,17.300009314999997,1,
decision-qwen25_3b-gsm8k-shape1024-n4-steps5-c2-s143-job5052668,decision-qwen25_3b-gsm8k-shape1024-n4-steps5-c2-s143,qwen25_3b-gsm8k-shape1024-n4-steps5-c2,evaluation,initializing,32676.0,149.79628936500015,1,
decision-qwen25_3b-gsm8k-shape1024-n4-steps5-c2-s143-job5052668,decision-qwen25_3b-gsm8k-shape1024-n4-steps5-c2-s143,qwen25_3b-gsm8k-shape1024-n4-steps5-c2,evaluation,rollout,33256.0,66.39999132199999,1,
decision-qwen25_3b-gsm8k-shape1024-n4-steps5-c2-s143-job5052668,decision-qwen25_3b-gsm8k-shape1024-n4-steps5-c2-s143,qwen25_3b-gsm8k-shape1024-n4-steps5-c2,evaluation,reference_logprob,12402.0,48.49998744400003,1,
decision-qwen25_3b-gsm8k-shape1024-n4-steps5-c2-s143-job5052668,decision-qwen25_3b-gsm8k-shape1024-n4-steps5-c2-s143,qwen25_3b-gsm8k-shape1024-n4-steps5-c2,evaluation,actor_update,15206.0,61.30001804099995,1,
decision-qwen25_3b-gsm8k-shape1024-n4-steps5-c2-s143-job5052668,decision-qwen25_3b-gsm8k-shape1024-n4-steps5-c2-s143,qwen25_3b-gsm8k-shape1024-n4-steps5-c2,evaluation,weight_sync,33108.0,71.09999523699997,1,
decision-qwen25_3b-gsm8k-shape1024-n4-steps5-c2-s143-job5052668,decision-qwen25_3b-gsm8k-shape1024-n4-steps5-c2-s143,qwen25_3b-gsm8k-shape1024-n4-steps5-c2,evaluation,idle,33108.0,0.100008724,1,
decision-qwen25_3b-gsm8k-shape1024-n4-steps5-c2-s143-job5052668,decision-qwen25_3b-gsm8k-shape1024-n4-steps5-c2-s143,qwen25_3b-gsm8k-shape1024-n4-steps5-c2,evaluation,unknown,9550.0,0.099991372,1,
decision-qwen25_3b-gsm8k-shape1024-n4-steps5-c2-s143-job5052668,decision-qwen25_3b-gsm8k-shape1024-n4-steps5-c2-s143,qwen25_3b-gsm8k-shape1024-n4-steps5-c2,evaluation,checkpoint,14726.0,12.200003276999995,1,
decision-qwen25_3b-gsm8k-shape1024-n4-steps5-c2-s143-job5052668,decision-qwen25_3b-gsm8k-shape1024-n4-steps5-c2-s143,qwen25_3b-gsm8k-shape1024-n4-steps5-c2,evaluation,validation,33110.0,10.800007559,1,
decision-phi4_mini-math-shape1024-n4-steps5-c3-s143-job5052307,decision-phi4_mini-math-shape1024-n4-steps5-c3-s143,phi4_mini-math-shape1024-n4-steps5-c3,evaluation,initializing,40016.0,148.79606529899993,1,
decision-phi4_mini-math-shape1024-n4-steps5-c3-s143-job5052307,decision-phi4_mini-math-shape1024-n4-steps5-c3-s143,phi4_mini-math-shape1024-n4-steps5-c3,evaluation,rollout,40936.0,100.89996137499993,1,
decision-phi4_mini-math-shape1024-n4-steps5-c3-s143-job5052307,decision-phi4_mini-math-shape1024-n4-steps5-c3-s143,phi4_mini-math-shape1024-n4-steps5-c3,evaluation,reference_logprob,19720.0,48.200009234999996,1,
decision-phi4_mini-math-shape1024-n4-steps5-c3-s143-job5052307,decision-phi4_mini-math-shape1024-n4-steps5-c3-s143,phi4_mini-math-shape1024-n4-steps5-c3,evaluation,actor_update,29696.0,62.19997309200001,1,
decision-phi4_mini-math-shape1024-n4-steps5-c3-s143-job5052307,decision-phi4_mini-math-shape1024-n4-steps5-c3-s143,phi4_mini-math-shape1024-n4-steps5-c3,evaluation,weight_sync,39842.0,65.80001751800009,1,
decision-phi4_mini-math-shape1024-n4-steps5-c3-s143-job5052307,decision-phi4_mini-math-shape1024-n4-steps5-c3-s143,phi4_mini-math-shape1024-n4-steps5-c3,evaluation,idle,39862.0,0.400025228,1,
decision-phi4_mini-math-shape1024-n4-steps5-c3-s143-job5052307,decision-phi4_mini-math-shape1024-n4-steps5-c3-s143,phi4_mini-math-shape1024-n4-steps5-c3,evaluation,checkpoint,27492.0,14.500000168999996,1,
decision-phi4_mini-math-shape1024-n4-steps5-c3-s143-job5052307,decision-phi4_mini-math-shape1024-n4-steps5-c3-s143,phi4_mini-math-shape1024-n4-steps5-c3,evaluation,validation,39936.0,16.999998111,1,
